All 2131 irreps of the N=5, p=3 Fock space (2^75 states)
maximal weight (12, 6, 0, -6, -12), C2max = 240

    #                 lambda              partition     C2      dim
    1    (12, 6, 0, -6, -12)     (24, 18, 12, 6, 0)    240 282,475,249
    2    (11, 7, 0, -6, -12)     (23, 19, 12, 6, 0)    234 220,720,500
    3    (12, 5, 1, -6, -12)     (24, 17, 13, 6, 0)    234 231,868,000
    4   (12, 6, -1, -5, -12)     (24, 18, 11, 7, 0)    234 231,868,000
    5    (12, 6, 0, -7, -11)     (23, 17, 11, 4, 0)    234 220,720,500
    6    (10, 8, 0, -6, -12)     (22, 20, 12, 6, 0)    230 140,297,976
    7    (12, 4, 2, -6, -12)     (24, 16, 14, 6, 0)    230 152,028,576
    8   (12, 6, -2, -4, -12)     (24, 18, 10, 8, 0)    230 152,028,576
    9    (12, 6, 0, -8, -10)     (22, 16, 10, 2, 0)    230 140,297,976
   10     (9, 9, 0, -6, -12)     (21, 21, 12, 6, 0)    228 48,105,750
   11   (11, 7, -1, -5, -12)     (23, 19, 11, 7, 0)    228 179,729,550
   12    (11, 7, 0, -7, -11)     (22, 18, 11, 4, 0)    228 172,244,800
   13    (12, 3, 3, -6, -12)     (24, 15, 15, 6, 0)    228 52,916,325
   14    (12, 5, 1, -7, -11)     (23, 16, 12, 4, 0)    228 179,729,550
   15   (12, 6, -3, -3, -12)      (24, 18, 9, 9, 0)    228 52,916,325
   16     (12, 6, 0, -9, -9)      (21, 15, 9, 0, 0)    228 48,105,750
   17    (11, 6, 1, -6, -12)     (23, 18, 13, 6, 0)    227 200,037,600
   18    (12, 5, 0, -5, -12)     (24, 17, 12, 7, 0)    227 210,739,200
   19   (12, 6, -1, -6, -11)     (23, 17, 10, 5, 0)    227 200,037,600
   20   (10, 8, -1, -5, -12)     (22, 20, 11, 7, 0)    224 113,694,750
   21    (10, 8, 0, -7, -11)     (21, 19, 11, 4, 0)    224 109,395,000
   22   (11, 7, -2, -4, -12)     (23, 19, 10, 8, 0)    224 117,277,875
   23    (11, 7, 0, -8, -10)     (21, 17, 10, 2, 0)    224 109,395,000
   24    (12, 4, 2, -7, -11)     (23, 15, 13, 4, 0)    224 117,277,875
   25    (12, 5, 1, -8, -10)     (22, 15, 11, 2, 0)    224 113,694,750
   26    (9, 9, -1, -5, -12)     (21, 21, 11, 7, 0)    222 38,896,000
   27     (9, 9, 0, -7, -11)     (20, 20, 11, 4, 0)    222 37,494,600
   28    (10, 7, 1, -6, -12)     (22, 19, 13, 6, 0)    222 146,446,300
   29    (11, 5, 2, -6, -12)     (23, 17, 14, 6, 0)    222 151,351,200
   30   (11, 7, -3, -3, -12)      (23, 19, 9, 9, 0)    222 40,728,600
   31     (11, 7, 0, -9, -9)      (20, 16, 9, 0, 0)    222 37,494,600
   32    (12, 3, 3, -7, -11)     (23, 14, 14, 4, 0)    222 40,728,600
   33    (12, 4, 1, -5, -12)     (24, 16, 13, 7, 0)    222 159,759,600
   34   (12, 5, -1, -4, -12)     (24, 17, 11, 8, 0)    222 159,759,600
   35     (12, 5, 1, -9, -9)     (21, 14, 10, 0, 0)    222 38,896,000
   36   (12, 6, -2, -5, -11)      (23, 17, 9, 6, 0)    222 151,351,200
   37   (12, 6, -1, -7, -10)      (22, 16, 9, 3, 0)    222 146,446,300
   38    (11, 6, 1, -7, -11)     (22, 17, 12, 4, 0)    221 154,791,000
   39   (11, 7, -1, -6, -11)     (22, 18, 10, 5, 0)    221 154,791,000
   40   (10, 8, -2, -4, -12)     (22, 20, 10, 8, 0)    220 73,972,899
   41    (10, 8, 0, -8, -10)     (20, 18, 10, 2, 0)    220 69,441,624
   42    (11, 6, 0, -5, -12)     (23, 18, 12, 7, 0)    220 178,422,426
   43    (12, 4, 2, -8, -10)     (22, 14, 12, 2, 0)    220 73,972,899
   44    (12, 5, 0, -6, -11)     (23, 16, 11, 5, 0)    220 178,422,426
   45     (9, 8, 1, -6, -12)     (21, 20, 13, 6, 0)    219 77,280,000
   46    (11, 4, 3, -6, -12)     (23, 16, 15, 6, 0)    219 81,396,000
   47    (12, 3, 2, -5, -12)     (24, 15, 14, 7, 0)    219 86,016,000
   48   (12, 5, -2, -3, -12)     (24, 17, 10, 9, 0)    219 86,016,000
   49   (12, 6, -3, -4, -11)      (23, 17, 8, 7, 0)    219 81,396,000
   50    (12, 6, -1, -8, -9)      (21, 15, 8, 1, 0)    219 77,280,000
   51    (9, 9, -2, -4, -12)     (21, 21, 10, 8, 0)    218 25,272,000
   52     (9, 9, 0, -8, -10)     (19, 19, 10, 2, 0)    218 23,794,650
   53   (10, 8, -3, -3, -12)      (22, 20, 9, 9, 0)    218 25,654,200
   54     (10, 8, 0, -9, -9)      (19, 17, 9, 0, 0)    218 23,794,650
   55    (12, 3, 3, -8, -10)     (22, 13, 13, 2, 0)    218 25,654,200
   56     (12, 4, 2, -9, -9)     (21, 13, 11, 0, 0)    218 25,272,000
   57   (10, 8, -1, -6, -11)     (21, 19, 10, 5, 0)    217 97,812,000
   58    (11, 6, 1, -8, -10)     (21, 16, 11, 2, 0)    217 97,812,000
   59    (9, 9, -3, -3, -12)      (21, 21, 9, 9, 0)    216 8,758,750
   60      (9, 9, 0, -9, -9)      (18, 18, 9, 0, 0)    216 8,152,375
   61    (10, 6, 2, -6, -12)     (22, 18, 14, 6, 0)    216 127,081,500
   62    (10, 7, 1, -7, -11)     (21, 18, 12, 4, 0)    216 113,190,000
   63    (11, 5, 2, -7, -11)     (22, 16, 13, 4, 0)    216 116,491,375
   64   (11, 7, -2, -5, -11)      (22, 18, 9, 6, 0)    216 116,491,375
   65   (11, 7, -1, -7, -10)      (21, 17, 9, 3, 0)    216 113,190,000
   66     (12, 3, 3, -9, -9)     (21, 12, 12, 0, 0)    216 8,758,750
   67    (12, 4, 0, -4, -12)     (24, 16, 12, 8, 0)    216 139,300,875
   68   (12, 6, -2, -6, -10)      (22, 16, 8, 4, 0)    216 127,081,500
   69    (9, 9, -1, -6, -11)     (20, 20, 10, 5, 0)    215 33,444,576
   70    (10, 7, 0, -5, -12)     (22, 19, 12, 7, 0)    215 129,153,024
   71   (11, 6, -1, -4, -12)     (23, 18, 11, 8, 0)    215 133,739,424
   72     (11, 6, 1, -9, -9)     (20, 15, 10, 0, 0)    215 33,444,576
   73    (12, 4, 1, -6, -11)     (23, 15, 12, 5, 0)    215 133,739,424
   74    (12, 5, 0, -7, -10)     (22, 15, 10, 3, 0)    215 129,153,024
   75    (11, 5, 1, -5, -12)     (23, 17, 13, 7, 0)    214 150,822,000
   76   (12, 5, -1, -5, -11)     (23, 16, 10, 6, 0)    214 150,822,000
   77     (9, 8, 1, -7, -11)     (20, 19, 12, 4, 0)    213 59,690,400
   78    (11, 4, 3, -7, -11)     (22, 15, 14, 4, 0)    213 62,462,400
   79    (11, 6, 0, -6, -11)     (22, 17, 11, 5, 0)    213 150,714,200
   80   (11, 7, -3, -4, -11)      (22, 18, 8, 7, 0)    213 62,462,400
   81    (11, 7, -1, -8, -9)      (20, 16, 8, 1, 0)    213 59,690,400
   82     (9, 7, 2, -6, -12)     (21, 19, 14, 6, 0)    212 84,199,500
   83     (9, 8, 0, -5, -12)     (21, 20, 12, 7, 0)    212 67,740,750
   84    (10, 5, 3, -6, -12)     (22, 17, 15, 6, 0)    212 85,974,525
   85    (10, 7, 1, -8, -10)     (20, 17, 11, 2, 0)    212 71,471,400
   86   (10, 8, -2, -5, -11)      (21, 19, 9, 6, 0)    212 73,371,375
   87   (10, 8, -1, -7, -10)      (20, 18, 9, 3, 0)    212 71,471,400
   88    (11, 5, 2, -8, -10)     (21, 15, 12, 2, 0)    212 73,371,375
   89   (11, 6, -2, -3, -12)     (23, 18, 10, 9, 0)    212 71,569,575
   90    (12, 3, 1, -4, -12)     (24, 15, 13, 8, 0)    212 94,533,075
   91    (12, 3, 2, -6, -11)     (23, 14, 13, 5, 0)    212 71,569,575
   92   (12, 4, -1, -3, -12)     (24, 16, 11, 9, 0)    212 94,533,075
   93     (12, 5, 0, -8, -9)      (21, 14, 9, 1, 0)    212 67,740,750
   94   (12, 6, -3, -5, -10)      (22, 16, 7, 5, 0)    212 85,974,525
   95    (12, 6, -2, -7, -9)      (21, 15, 7, 2, 0)    212 84,199,500
   96     (8, 8, 2, -6, -12)     (20, 20, 14, 6, 0)    210 29,428,224
   97    (9, 9, -2, -5, -11)      (20, 20, 9, 6, 0)    210 25,049,024
   98    (9, 9, -1, -7, -10)      (19, 19, 9, 3, 0)    210 24,429,174
   99    (10, 4, 4, -6, -12)     (22, 16, 16, 6, 0)    210 30,354,324
  100    (10, 6, 2, -7, -11)     (21, 17, 13, 4, 0)    210 97,656,250
  101   (10, 7, -1, -4, -12)     (22, 19, 11, 8, 0)    210 96,136,326
  102     (10, 7, 1, -9, -9)     (19, 16, 10, 0, 0)    210 24,429,174
  103    (11, 4, 2, -5, -12)     (23, 16, 14, 7, 0)    210 100,641,024
  104     (11, 5, 2, -9, -9)     (20, 14, 11, 0, 0)    210 25,049,024
  105   (11, 7, -2, -6, -10)      (21, 17, 8, 4, 0)    210 97,656,250
  106    (12, 2, 2, -4, -12)     (24, 14, 14, 8, 0)    210 33,426,624
  107   (12, 4, -2, -2, -12)    (24, 16, 10, 10, 0)    210 33,426,624
  108    (12, 4, 1, -7, -10)     (22, 14, 11, 3, 0)    210 96,136,326
  109   (12, 5, -2, -4, -11)      (23, 16, 9, 7, 0)    210 100,641,024
  110   (12, 6, -4, -4, -10)      (22, 16, 6, 6, 0)    210 30,354,324
  111    (12, 6, -2, -8, -8)      (20, 14, 6, 0, 0)    210 29,428,224
  112     (9, 8, 1, -8, -10)     (19, 18, 11, 2, 0)    209 37,674,000
  113   (10, 8, -3, -4, -11)      (21, 19, 8, 7, 0)    209 39,270,000
  114    (10, 8, -1, -8, -9)      (19, 17, 8, 1, 0)    209 37,674,000
  115    (11, 4, 3, -8, -10)     (21, 14, 13, 2, 0)    209 39,270,000
  116    (10, 6, 1, -5, -12)     (22, 18, 13, 7, 0)    208 122,972,850
  117    (10, 7, 0, -6, -11)     (21, 18, 11, 5, 0)    208 108,927,000
  118    (11, 3, 3, -5, -12)     (23, 15, 15, 7, 0)    208 35,320,050
  119    (11, 5, 0, -4, -12)     (23, 17, 12, 8, 0)    208 127,702,575
  120    (11, 6, 0, -7, -10)     (21, 16, 10, 3, 0)    208 108,927,000
  121    (12, 4, 0, -5, -11)     (23, 15, 11, 6, 0)    208 127,702,575
  122   (12, 5, -3, -3, -11)      (23, 16, 8, 8, 0)    208 35,320,050
  123   (12, 5, -1, -6, -10)      (22, 15, 9, 4, 0)    208 122,972,850
  124     (9, 6, 3, -6, -12)     (21, 18, 15, 6, 0)    207 69,972,000
  125    (9, 8, -1, -4, -12)     (21, 20, 11, 8, 0)    207 50,232,000
  126      (9, 8, 1, -9, -9)     (18, 17, 10, 0, 0)    207 12,874,400
  127    (9, 9, -3, -4, -11)      (20, 20, 8, 7, 0)    207 13,395,200
  128     (9, 9, -1, -8, -9)      (18, 18, 8, 1, 0)    207 12,874,400
  129   (10, 7, -2, -3, -12)     (22, 19, 10, 9, 0)    207 51,251,200
  130     (11, 4, 3, -9, -9)     (20, 13, 12, 0, 0)    207 13,395,200
  131    (11, 5, 1, -6, -11)     (22, 16, 12, 5, 0)    207 125,871,200
  132   (11, 6, -1, -5, -11)     (22, 17, 10, 6, 0)    207 125,871,200
  133    (12, 3, 0, -3, -12)     (24, 15, 12, 9, 0)    207 79,027,200
  134    (12, 3, 2, -7, -10)     (22, 13, 12, 3, 0)    207 51,251,200
  135     (12, 4, 1, -8, -9)     (21, 13, 10, 1, 0)    207 50,232,000
  136    (12, 6, -3, -6, -9)      (21, 15, 6, 3, 0)    207 69,972,000
  137     (9, 7, 2, -7, -11)     (20, 18, 13, 4, 0)    206 64,638,000
  138    (10, 5, 3, -7, -11)     (21, 16, 14, 4, 0)    206 65,835,000
  139    (10, 6, 2, -8, -10)     (20, 16, 12, 2, 0)    206 61,446,000
  140   (10, 8, -2, -6, -10)      (20, 18, 8, 4, 0)    206 61,446,000
  141   (11, 7, -3, -5, -10)      (21, 17, 7, 5, 0)    206 65,835,000
  142    (11, 7, -2, -7, -9)      (20, 16, 7, 2, 0)    206 64,638,000
  143     (9, 8, 0, -6, -11)     (20, 19, 11, 5, 0)    205 57,081,024
  144     (11, 6, 0, -8, -9)      (20, 15, 9, 1, 0)    205 57,081,024
  145     (8, 7, 3, -6, -12)     (20, 19, 15, 6, 0)    204 38,942,750
  146     (8, 8, 2, -7, -11)     (19, 19, 13, 4, 0)    204 22,580,250
  147     (9, 5, 4, -6, -12)     (21, 17, 16, 6, 0)    204 39,414,375
  148     (9, 7, 1, -5, -12)     (21, 19, 13, 7, 0)    204 80,176,250
  149    (9, 8, -2, -3, -12)     (21, 20, 10, 9, 0)    204 26,723,125
  150    (9, 9, -2, -6, -10)      (19, 19, 8, 4, 0)    204 20,967,375
  151    (10, 4, 4, -7, -11)     (21, 15, 15, 4, 0)    204 23,205,000
  152     (10, 6, 2, -9, -9)     (19, 15, 11, 0, 0)    204 20,967,375
  153   (11, 5, -1, -3, -12)     (23, 17, 11, 9, 0)    204 85,278,375
  154   (11, 7, -4, -4, -10)      (21, 17, 6, 6, 0)    204 23,205,000
  155    (11, 7, -2, -8, -8)      (19, 15, 6, 0, 0)    204 22,580,250
  156    (12, 2, 1, -3, -12)     (24, 14, 13, 9, 0)    204 44,669,625
  157   (12, 3, -1, -2, -12)    (24, 15, 11, 10, 0)    204 44,669,625
  158    (12, 3, 1, -5, -11)     (23, 14, 12, 6, 0)    204 85,278,375
  159     (12, 3, 2, -8, -9)     (21, 12, 11, 1, 0)    204 26,723,125
  160    (12, 5, -1, -7, -9)      (21, 14, 8, 2, 0)    204 80,176,250
  161    (12, 6, -4, -5, -9)      (21, 15, 5, 4, 0)    204 39,414,375
  162    (12, 6, -3, -7, -8)      (20, 14, 5, 1, 0)    204 38,942,750
  163    (10, 5, 2, -5, -12)     (22, 17, 14, 7, 0)    203 95,846,400
  164    (10, 7, 0, -7, -10)     (20, 17, 10, 3, 0)    203 78,643,200
  165    (11, 4, 1, -4, -12)     (23, 16, 13, 8, 0)    203 99,727,200
  166    (11, 4, 2, -6, -11)     (22, 15, 13, 5, 0)    203 83,397,600
  167   (11, 6, -2, -4, -11)      (22, 17, 9, 7, 0)    203 83,397,600
  168   (12, 4, -1, -4, -11)     (23, 15, 10, 7, 0)    203 99,727,200
  169   (12, 5, -2, -5, -10)      (22, 15, 8, 5, 0)    203 95,846,400
  170     (8, 8, 1, -5, -12)     (20, 20, 13, 7, 0)    202 27,820,800
  171     (9, 7, 2, -8, -10)     (19, 17, 12, 2, 0)    202 40,644,450
  172    (10, 5, 3, -8, -10)     (20, 15, 13, 2, 0)    202 41,334,300
  173    (10, 6, 0, -4, -12)     (22, 18, 12, 8, 0)    202 102,334,050
  174   (10, 7, -1, -5, -11)     (21, 18, 10, 6, 0)    202 90,294,750
  175   (10, 8, -3, -5, -10)      (20, 18, 7, 5, 0)    202 41,334,300
  176    (10, 8, -2, -7, -9)      (19, 17, 7, 2, 0)    202 40,644,450
  177   (11, 5, -2, -2, -12)    (23, 17, 10, 10, 0)    202 29,937,600
  178    (11, 5, 1, -7, -10)     (21, 15, 11, 3, 0)    202 90,294,750
  179    (12, 2, 2, -5, -11)     (23, 13, 13, 6, 0)    202 29,937,600
  180    (12, 4, 0, -6, -10)     (22, 14, 10, 4, 0)    202 102,334,050
  181    (12, 5, -1, -8, -8)      (20, 13, 7, 0, 0)    202 27,820,800
  182     (9, 6, 3, -7, -11)     (20, 17, 14, 4, 0)    201 53,504,000
  183    (10, 6, 1, -6, -11)     (21, 17, 12, 5, 0)    201 102,410,000
  184    (11, 3, 3, -6, -11)     (22, 14, 14, 5, 0)    201 29,172,000
  185   (11, 6, -3, -3, -11)      (22, 17, 8, 8, 0)    201 29,172,000
  186   (11, 6, -1, -6, -10)      (21, 16, 9, 4, 0)    201 102,410,000
  187    (11, 7, -3, -6, -9)      (20, 16, 6, 3, 0)    201 53,504,000
  188     (8, 6, 4, -6, -12)     (20, 18, 16, 6, 0)    200 31,172,526
  189     (8, 8, 2, -8, -10)     (18, 18, 12, 2, 0)    200 14,194,026
  190      (9, 7, 2, -9, -9)     (18, 16, 11, 0, 0)    200 13,864,851
  191     (9, 8, 0, -7, -10)     (19, 18, 10, 3, 0)    200 41,186,376
  192    (9, 9, -3, -5, -10)      (19, 19, 7, 5, 0)    200 14,090,076
  193     (9, 9, -2, -7, -9)      (18, 18, 7, 2, 0)    200 13,864,851
  194    (10, 4, 3, -5, -12)     (22, 16, 15, 7, 0)    200 52,378,326
  195    (10, 4, 4, -8, -10)     (20, 14, 14, 2, 0)    200 14,554,176
  196     (10, 5, 3, -9, -9)     (19, 14, 12, 0, 0)    200 14,090,076
  197     (10, 7, 0, -8, -9)      (19, 16, 9, 1, 0)    200 41,186,376
  198   (10, 8, -4, -4, -10)      (20, 18, 6, 6, 0)    200 14,554,176
  199    (10, 8, -2, -8, -8)      (18, 16, 6, 0, 0)    200 14,194,026
  200    (11, 3, 2, -4, -12)     (23, 15, 14, 8, 0)    200 54,561,276
  201    (11, 5, 0, -5, -11)     (22, 16, 11, 6, 0)    200 116,588,199
  202    (12, 2, 0, -2, -12)    (24, 14, 12, 10, 0)    200 35,983,101
  203   (12, 4, -2, -3, -11)      (23, 15, 9, 8, 0)    200 54,561,276
  204   (12, 5, -3, -4, -10)      (22, 15, 7, 6, 0)    200 52,378,326
  205    (12, 6, -4, -6, -8)      (20, 14, 4, 2, 0)    200 31,172,526
  206    (9, 8, -1, -5, -11)     (20, 19, 10, 6, 0)    199 47,124,000
  207     (11, 5, 1, -8, -9)     (20, 14, 10, 1, 0)    199 47,124,000
  208     (7, 7, 4, -6, -12)     (19, 19, 16, 6, 0)    198 11,688,600
  209     (8, 5, 5, -6, -12)     (20, 17, 17, 6, 0)    198 11,757,200
  210     (8, 7, 3, -7, -11)     (19, 18, 14, 4, 0)    198 29,752,800
  211      (8, 8, 2, -9, -9)     (17, 17, 11, 0, 0)    198 4,841,200
  212     (9, 5, 4, -7, -11)     (20, 16, 15, 4, 0)    198 30,071,300
  213     (9, 6, 2, -5, -12)     (21, 18, 14, 7, 0)    198 74,256,000
  214     (9, 7, 0, -4, -12)     (21, 19, 12, 8, 0)    198 66,066,000
  215    (9, 9, -4, -4, -10)      (19, 19, 6, 6, 0)    198 4,958,800
  216     (9, 9, -2, -8, -8)      (17, 17, 6, 0, 0)    198 4,841,200
  217     (10, 4, 4, -9, -9)     (19, 13, 13, 0, 0)    198 4,958,800
  218   (10, 6, -1, -3, -12)     (22, 18, 11, 9, 0)    198 67,667,600
  219   (10, 7, -2, -4, -11)      (21, 18, 9, 7, 0)    198 59,559,500
  220    (11, 4, 0, -3, -12)     (23, 16, 12, 9, 0)    198 79,361,100
  221    (11, 4, 2, -7, -10)     (21, 14, 12, 3, 0)    198 59,559,500
  222    (11, 7, -4, -5, -9)      (20, 16, 5, 4, 0)    198 30,071,300
  223    (11, 7, -3, -7, -8)      (19, 15, 5, 1, 0)    198 29,752,800
  224    (12, 1, 1, -2, -12)    (24, 13, 13, 10, 0)    198 13,613,600
  225   (12, 2, -1, -1, -12)    (24, 14, 11, 11, 0)    198 13,613,600
  226    (12, 3, 0, -4, -11)     (23, 14, 11, 7, 0)    198 79,361,100
  227    (12, 3, 1, -6, -10)     (22, 13, 11, 4, 0)    198 67,667,600
  228     (12, 4, 0, -7, -9)      (21, 13, 9, 2, 0)    198 66,066,000
  229    (12, 5, -2, -6, -9)      (21, 14, 7, 3, 0)    198 74,256,000
  230    (12, 6, -5, -5, -8)      (20, 14, 3, 3, 0)    198 11,757,200
  231    (12, 6, -4, -7, -7)      (19, 13, 3, 0, 0)    198 11,688,600
  232     (9, 6, 3, -8, -10)     (19, 16, 13, 2, 0)    197 33,561,600
  233     (9, 7, 1, -6, -11)     (20, 18, 12, 5, 0)    197 66,679,200
  234      (9, 8, 0, -8, -9)      (18, 17, 9, 1, 0)    197 21,562,200
  235    (10, 8, -3, -6, -9)      (19, 17, 6, 3, 0)    197 33,561,600
  236    (11, 6, -1, -7, -9)      (20, 15, 8, 2, 0)    197 66,679,200
  237     (8, 8, 0, -4, -12)     (20, 20, 12, 8, 0)    196 22,821,750
  238    (10, 5, 1, -4, -12)     (22, 17, 13, 8, 0)    196 90,250,875
  239    (10, 5, 2, -6, -11)     (21, 16, 13, 5, 0)    196 79,194,375
  240   (10, 6, -2, -2, -12)    (22, 18, 10, 10, 0)    196 23,648,625
  241    (10, 6, 1, -7, -10)     (20, 16, 11, 3, 0)    196 73,359,000
  242   (10, 7, -3, -3, -11)      (21, 18, 8, 8, 0)    196 20,790,000
  243   (10, 7, -1, -6, -10)      (20, 17, 9, 4, 0)    196 73,359,000
  244    (11, 3, 3, -7, -10)     (21, 13, 13, 3, 0)    196 20,790,000
  245   (11, 6, -2, -5, -10)      (21, 16, 8, 5, 0)    196 79,194,375
  246    (12, 2, 2, -6, -10)     (22, 12, 12, 4, 0)    196 23,648,625
  247   (12, 4, -1, -5, -10)      (22, 14, 9, 5, 0)    196 90,250,875
  248     (12, 4, 0, -8, -8)      (20, 12, 8, 0, 0)    196 22,821,750
  249     (7, 6, 5, -6, -12)     (19, 18, 17, 6, 0)    195 9,593,024
  250     (8, 7, 2, -5, -12)     (20, 19, 14, 7, 0)    195 40,370,176
  251     (8, 8, 1, -6, -11)     (19, 19, 12, 5, 0)    195 23,122,176
  252      (9, 6, 3, -9, -9)     (18, 15, 12, 0, 0)    195 11,435,424
  253    (9, 8, -2, -4, -11)      (20, 19, 9, 7, 0)    195 31,006,976
  254     (9, 9, -3, -6, -9)      (18, 18, 6, 3, 0)    195 11,435,424
  255   (11, 4, -1, -2, -12)    (23, 16, 11, 10, 0)    195 43,819,776
  256    (11, 4, 1, -5, -11)     (22, 15, 12, 6, 0)    195 89,465,376
  257     (11, 4, 2, -8, -9)     (20, 13, 11, 1, 0)    195 31,006,976
  258   (11, 5, -1, -4, -11)     (22, 16, 10, 7, 0)    195 89,465,376
  259    (11, 6, -1, -8, -8)      (19, 14, 7, 0, 0)    195 23,122,176
  260    (12, 1, 0, -1, -12)    (24, 13, 12, 11, 0)    195 11,239,424
  261    (12, 2, 1, -4, -11)     (23, 13, 12, 7, 0)    195 43,819,776
  262    (12, 5, -2, -7, -8)      (20, 13, 6, 1, 0)    195 40,370,176
  263    (12, 6, -5, -6, -7)      (19, 13, 2, 1, 0)    195 9,593,024
  264     (8, 6, 4, -7, -11)     (19, 17, 15, 4, 0)    194 23,753,250
  265     (8, 7, 3, -8, -10)     (18, 17, 13, 2, 0)    194 18,653,250
  266     (9, 5, 3, -5, -12)     (21, 17, 15, 7, 0)    194 52,020,000
  267     (9, 5, 4, -8, -10)     (19, 15, 14, 2, 0)    194 18,837,000
  268    (9, 7, -1, -3, -12)     (21, 19, 11, 9, 0)    194 43,436,250
  269    (10, 6, 0, -5, -11)     (21, 17, 11, 6, 0)    194 93,161,250
  270    (10, 8, -4, -5, -9)      (19, 17, 5, 4, 0)    194 18,837,000
  271    (10, 8, -3, -7, -8)      (18, 16, 5, 1, 0)    194 18,653,250
  272    (11, 3, 1, -3, -12)     (23, 15, 13, 9, 0)    194 55,768,500
  273    (11, 5, 0, -6, -10)     (21, 15, 10, 4, 0)    194 93,161,250
  274    (11, 7, -4, -6, -8)      (19, 15, 4, 2, 0)    194 23,753,250
  275   (12, 3, -1, -3, -11)     (23, 14, 10, 8, 0)    194 55,768,500
  276     (12, 3, 1, -7, -9)     (21, 12, 10, 2, 0)    194 43,436,250
  277    (12, 5, -3, -5, -9)      (21, 14, 6, 4, 0)    194 52,020,000
  278    (9, 8, -3, -3, -11)      (20, 19, 8, 8, 0)    193 10,810,800
  279    (9, 8, -1, -6, -10)      (19, 18, 9, 4, 0)    193 38,253,600
  280    (10, 4, 3, -6, -11)     (21, 15, 14, 5, 0)    193 43,092,000
  281     (10, 6, 1, -8, -9)     (19, 15, 10, 1, 0)    193 38,253,600
  282     (11, 3, 3, -8, -9)     (20, 12, 12, 1, 0)    193 10,810,800
  283   (11, 6, -3, -4, -10)      (21, 16, 7, 6, 0)    193 43,092,000
  284     (6, 6, 6, -6, -12)     (18, 18, 18, 6, 0)    192 1,226,225
  285     (7, 7, 4, -7, -11)     (18, 18, 15, 4, 0)    192 8,901,200
  286     (8, 5, 5, -7, -11)     (19, 16, 16, 4, 0)    192 8,947,575
  287      (8, 7, 3, -9, -9)     (17, 16, 12, 0, 0)    192 6,354,075
  288    (8, 8, -1, -3, -12)     (20, 20, 11, 9, 0)    192 14,964,950
  289     (9, 4, 4, -5, -12)     (21, 16, 16, 7, 0)    192 18,653,250
  290      (9, 5, 4, -9, -9)     (18, 14, 13, 0, 0)    192 6,414,100
  291    (9, 7, -2, -2, -12)    (21, 19, 10, 10, 0)    192 15,140,125
  292     (9, 7, 1, -7, -10)     (19, 17, 11, 3, 0)    192 47,720,400
  293     (9, 9, -4, -5, -9)      (18, 18, 5, 4, 0)    192 6,414,100
  294     (9, 9, -3, -7, -8)      (17, 17, 5, 1, 0)    192 6,354,075
  295    (10, 4, 2, -4, -12)     (22, 16, 14, 8, 0)    192 61,725,300
  296    (10, 7, -1, -7, -9)      (19, 16, 8, 2, 0)    192 47,720,400
  297    (11, 2, 2, -3, -12)     (23, 14, 14, 9, 0)    192 20,027,700
  298    (11, 3, 2, -5, -11)     (22, 14, 13, 6, 0)    192 48,498,450
  299   (11, 5, -2, -3, -11)      (22, 16, 9, 8, 0)    192 48,498,450
  300    (11, 7, -5, -5, -8)      (19, 15, 3, 3, 0)    192 8,947,575
  301    (11, 7, -4, -7, -7)      (18, 14, 3, 0, 0)    192 8,901,200
  302     (12, 0, 0, 0, -12)    (24, 12, 12, 12, 0)    192 1,449,175
  303     (12, 2, 2, -7, -9)     (21, 11, 11, 2, 0)    192 15,140,125
  304   (12, 3, -2, -2, -11)      (23, 14, 9, 9, 0)    192 20,027,700
  305     (12, 3, 1, -8, -8)      (20, 11, 9, 0, 0)    192 14,964,950
  306   (12, 4, -2, -4, -10)      (22, 14, 8, 6, 0)    192 61,725,300
  307    (12, 5, -4, -4, -9)      (21, 14, 5, 5, 0)    192 18,653,250
  308    (12, 6, -6, -6, -6)      (18, 12, 0, 0, 0)    192 1,226,225
  309     (9, 6, 1, -4, -12)     (21, 18, 13, 8, 0)    191 68,040,000
  310     (9, 6, 2, -6, -11)     (20, 17, 13, 5, 0)    191 61,236,000
  311    (10, 5, 0, -3, -12)     (22, 17, 12, 9, 0)    191 69,888,000
  312    (10, 5, 2, -7, -10)     (20, 15, 12, 3, 0)    191 56,448,000
  313   (10, 7, -2, -5, -10)      (20, 17, 8, 5, 0)    191 56,448,000
  314    (11, 6, -2, -6, -9)      (20, 15, 7, 3, 0)    191 61,236,000
  315    (12, 3, 0, -5, -10)     (22, 13, 10, 5, 0)    191 69,888,000
  316    (12, 4, -1, -6, -9)      (21, 13, 8, 3, 0)    191 68,040,000
  317     (8, 6, 3, -5, -12)     (20, 18, 15, 7, 0)    190 37,425,024
  318     (8, 6, 4, -8, -10)     (18, 16, 14, 2, 0)    190 14,867,424
  319    (8, 8, -2, -2, -12)    (20, 20, 10, 10, 0)    190 5,209,776
  320     (8, 8, 1, -7, -10)     (18, 18, 11, 3, 0)    190 16,540,524
  321     (9, 7, 0, -5, -11)     (20, 18, 11, 6, 0)    190 60,035,976
  322    (10, 3, 3, -4, -12)     (22, 15, 15, 8, 0)    190 21,910,824
  323    (10, 7, -1, -8, -8)      (18, 15, 7, 0, 0)    190 16,540,524
  324    (10, 8, -4, -6, -8)      (18, 16, 4, 2, 0)    190 14,867,424
  325    (11, 3, 0, -2, -12)    (23, 15, 12, 10, 0)    190 40,864,824
  326     (11, 5, 0, -7, -9)      (20, 14, 9, 2, 0)    190 60,035,976
  327    (12, 2, 0, -3, -11)     (23, 13, 11, 8, 0)    190 40,864,824
  328     (12, 2, 2, -8, -8)     (20, 10, 10, 0, 0)    190 5,209,776
  329   (12, 4, -3, -3, -10)      (22, 14, 7, 7, 0)    190 21,910,824
  330    (12, 5, -3, -6, -8)      (20, 13, 5, 2, 0)    190 37,425,024
  331     (7, 6, 5, -7, -11)     (18, 17, 16, 4, 0)    189 7,293,000
  332      (9, 7, 1, -8, -9)     (18, 16, 10, 1, 0)    189 24,871,000
  333     (9, 8, -1, -7, -9)      (18, 17, 8, 2, 0)    189 24,871,000
  334   (10, 6, -1, -4, -11)     (21, 17, 10, 7, 0)    189 70,720,000
  335    (11, 4, 0, -4, -11)     (22, 15, 11, 7, 0)    189 79,092,000
  336    (11, 4, 1, -6, -10)     (21, 14, 11, 4, 0)    189 70,720,000
  337    (11, 7, -5, -6, -7)      (18, 14, 2, 1, 0)    189 7,293,000
  338     (7, 7, 3, -5, -12)     (19, 19, 15, 7, 0)    188 13,548,150
  339     (7, 7, 4, -8, -10)     (17, 17, 14, 2, 0)    188 5,569,200
  340     (8, 5, 5, -8, -10)     (18, 15, 15, 2, 0)    188 5,595,975
  341      (8, 6, 4, -9, -9)     (17, 15, 13, 0, 0)    188 5,060,475
  342     (8, 7, 1, -4, -12)     (20, 19, 13, 8, 0)    188 36,486,450
  343     (8, 7, 2, -6, -11)     (19, 18, 13, 5, 0)    188 33,254,550
  344     (8, 8, 0, -5, -11)     (19, 19, 11, 6, 0)    188 20,720,700
  345    (9, 8, -2, -5, -10)      (19, 18, 8, 5, 0)    188 29,354,325
  346     (9, 9, -4, -6, -8)      (17, 17, 4, 2, 0)    188 5,060,475
  347    (10, 4, 3, -7, -10)     (20, 14, 13, 3, 0)    188 30,630,600
  348   (10, 5, -1, -2, -12)    (22, 17, 11, 10, 0)    188 38,063,025
  349    (10, 5, 1, -5, -11)     (21, 16, 12, 6, 0)    188 80,647,875
  350     (10, 5, 2, -8, -9)     (19, 14, 11, 1, 0)    188 29,354,325
  351    (10, 6, 0, -6, -10)     (20, 16, 10, 4, 0)    188 74,293,800
  352   (10, 7, -3, -4, -10)      (20, 17, 7, 6, 0)    188 30,630,600
  353    (10, 8, -5, -5, -8)      (18, 16, 3, 3, 0)    188 5,595,975
  354    (10, 8, -4, -7, -7)      (17, 15, 3, 0, 0)    188 5,569,200
  355   (11, 3, -1, -1, -12)    (23, 15, 11, 11, 0)    188 14,926,275
  356   (11, 5, -1, -5, -10)      (21, 15, 9, 5, 0)    188 80,647,875
  357     (11, 5, 0, -8, -8)      (19, 13, 8, 0, 0)    188 20,720,700
  358    (11, 6, -2, -7, -8)      (19, 14, 6, 1, 0)    188 33,254,550
  359    (12, 1, 1, -3, -11)     (23, 12, 12, 8, 0)    188 14,926,275
  360    (12, 2, 1, -5, -10)     (22, 12, 11, 5, 0)    188 38,063,025
  361    (12, 4, -1, -7, -8)      (20, 12, 7, 1, 0)    188 36,486,450
  362    (12, 5, -3, -7, -7)      (19, 12, 4, 0, 0)    188 13,548,150
  363     (8, 5, 4, -5, -12)     (20, 17, 16, 7, 0)    187 22,118,400
  364      (8, 8, 1, -8, -9)     (17, 17, 10, 1, 0)    187 8,618,400
  365     (9, 5, 3, -6, -11)     (20, 16, 14, 5, 0)    187 42,681,600
  366     (9, 8, -1, -8, -8)      (17, 16, 7, 0, 0)    187 8,618,400
  367    (11, 2, 1, -2, -12)    (23, 14, 13, 10, 0)    187 24,235,200
  368    (11, 6, -3, -5, -9)      (20, 15, 6, 4, 0)    187 42,681,600
  369   (12, 2, -1, -2, -11)     (23, 13, 10, 9, 0)    187 24,235,200
  370    (12, 5, -4, -5, -8)      (20, 13, 4, 3, 0)    187 22,118,400
  371     (6, 6, 6, -7, -11)     (17, 17, 17, 4, 0)    186  931,000
  372      (7, 7, 4, -9, -9)     (16, 16, 13, 0, 0)    186 1,895,250
  373      (8, 5, 5, -9, -9)     (17, 14, 14, 0, 0)    186 1,904,000
  374     (9, 5, 2, -4, -12)     (21, 17, 14, 8, 0)    186 55,440,000
  375     (9, 6, 0, -3, -12)     (21, 18, 12, 9, 0)    186 51,878,750
  376     (9, 6, 2, -7, -10)     (19, 16, 12, 3, 0)    186 43,590,750
  377     (9, 9, -5, -5, -8)      (17, 17, 3, 3, 0)    186 1,904,000
  378     (9, 9, -4, -7, -7)      (16, 16, 3, 0, 0)    186 1,895,250
  379    (10, 4, 1, -3, -12)     (22, 16, 13, 9, 0)    186 57,057,000
  380   (10, 6, -2, -3, -11)      (21, 17, 9, 8, 0)    186 38,115,000
  381    (10, 7, -2, -6, -9)      (19, 16, 7, 3, 0)    186 43,590,750
  382    (11, 3, 2, -6, -10)     (21, 13, 12, 4, 0)    186 38,115,000
  383    (11, 7, -6, -6, -6)      (17, 13, 0, 0, 0)    186  931,000
  384   (12, 3, -1, -4, -10)      (22, 13, 9, 6, 0)    186 57,057,000
  385     (12, 3, 0, -6, -9)      (21, 12, 9, 3, 0)    186 51,878,750
  386    (12, 4, -2, -5, -9)      (21, 13, 7, 4, 0)    186 55,440,000
  387     (7, 6, 5, -8, -10)     (17, 16, 15, 2, 0)    185 4,558,176
  388     (9, 4, 4, -6, -11)     (20, 15, 15, 5, 0)    185 15,268,176
  389    (9, 7, -1, -4, -11)     (20, 18, 10, 7, 0)    185 45,287,424
  390    (9, 8, -3, -4, -10)      (19, 18, 7, 6, 0)    185 15,904,224
  391     (10, 4, 3, -8, -9)     (19, 13, 12, 1, 0)    185 15,904,224
  392    (10, 8, -5, -6, -7)      (17, 15, 2, 1, 0)    185 4,558,176
  393    (11, 3, 1, -4, -11)     (22, 14, 12, 7, 0)    185 54,132,624
  394   (11, 4, -1, -3, -11)     (22, 15, 10, 8, 0)    185 54,132,624
  395     (11, 4, 1, -7, -9)     (20, 13, 10, 2, 0)    185 45,287,424
  396    (11, 6, -4, -4, -9)      (20, 15, 5, 5, 0)    185 15,268,176
  397     (7, 6, 4, -5, -12)     (19, 18, 16, 7, 0)    184 14,127,750
  398     (9, 7, 0, -6, -10)     (19, 17, 10, 4, 0)    184 47,817,000
  399    (10, 4, 2, -5, -11)     (21, 15, 13, 6, 0)    184 54,573,750
  400     (10, 6, 0, -7, -9)      (19, 15, 9, 2, 0)    184 47,817,000
  401    (11, 2, 0, -1, -12)    (23, 14, 12, 11, 0)    184 15,663,375
  402   (11, 5, -2, -4, -10)      (21, 15, 8, 6, 0)    184 54,573,750
  403    (12, 1, 0, -2, -11)     (23, 12, 11, 9, 0)    184 15,663,375
  404    (12, 5, -4, -6, -7)      (19, 12, 3, 1, 0)    184 14,127,750
  405      (7, 6, 5, -9, -9)     (16, 15, 14, 0, 0)    183 1,550,400
  406     (8, 6, 3, -6, -11)     (19, 17, 14, 5, 0)    183 30,654,400
  407     (8, 7, 0, -3, -12)     (20, 19, 12, 9, 0)    183 27,596,800
  408     (8, 7, 2, -7, -10)     (18, 17, 12, 3, 0)    183 23,654,400
  409    (8, 8, -1, -4, -11)     (19, 19, 10, 7, 0)    183 15,584,800
  410     (9, 4, 3, -4, -12)     (21, 16, 15, 8, 0)    183 31,008,000
  411    (9, 6, -1, -2, -12)    (21, 18, 11, 10, 0)    183 28,028,000
  412     (9, 6, 1, -5, -11)     (20, 17, 12, 6, 0)    183 60,642,400
  413      (9, 6, 2, -8, -9)     (18, 15, 11, 1, 0)    183 22,651,200
  414     (9, 8, -2, -6, -9)      (18, 17, 7, 3, 0)    183 22,651,200
  415     (9, 9, -5, -6, -7)      (16, 16, 2, 1, 0)    183 1,550,400
  416    (10, 3, 2, -3, -12)     (22, 15, 14, 9, 0)    183 31,948,800
  417    (10, 7, -2, -7, -8)      (18, 15, 6, 1, 0)    183 23,654,400
  418    (11, 2, 2, -4, -11)     (22, 13, 13, 7, 0)    183 19,219,200
  419   (11, 4, -2, -2, -11)      (22, 15, 9, 9, 0)    183 19,219,200
  420     (11, 4, 1, -8, -8)      (19, 12, 9, 0, 0)    183 15,584,800
  421    (11, 5, -1, -6, -9)      (20, 14, 8, 3, 0)    183 60,642,400
  422    (11, 6, -3, -6, -8)      (19, 14, 5, 2, 0)    183 30,654,400
  423     (12, 2, 1, -6, -9)     (21, 11, 10, 3, 0)    183 28,028,000
  424   (12, 3, -2, -3, -10)      (22, 13, 8, 7, 0)    183 31,948,800
  425     (12, 3, 0, -7, -8)      (20, 11, 8, 1, 0)    183 27,596,800
  426    (12, 4, -3, -4, -9)      (21, 13, 6, 5, 0)    183 31,008,000
  427     (6, 6, 6, -8, -10)     (16, 16, 16, 2, 0)    182  581,400
  428     (7, 5, 5, -5, -12)     (19, 17, 17, 7, 0)    182 5,768,400
  429     (8, 6, 2, -4, -12)     (20, 18, 14, 8, 0)    182 38,102,400
  430     (8, 8, 0, -6, -10)     (18, 18, 10, 4, 0)    182 16,493,400
  431     (9, 5, 3, -7, -10)     (19, 15, 13, 3, 0)    182 30,284,100
  432    (9, 7, -2, -3, -11)      (20, 18, 9, 8, 0)    182 24,324,300
  433    (10, 3, 3, -5, -11)     (21, 14, 14, 6, 0)    182 19,278,000
  434    (10, 4, 0, -2, -12)    (22, 16, 12, 10, 0)    182 39,939,900
  435    (10, 5, 0, -4, -11)     (21, 16, 11, 7, 0)    182 69,283,500
  436    (10, 5, 1, -6, -10)     (20, 15, 11, 4, 0)    182 63,577,800
  437   (10, 6, -1, -5, -10)      (20, 16, 9, 5, 0)    182 63,577,800
  438     (10, 6, 0, -8, -8)      (18, 14, 8, 0, 0)    182 16,493,400
  439    (10, 7, -3, -5, -9)      (19, 16, 6, 4, 0)    182 30,284,100
  440    (10, 8, -6, -6, -6)      (16, 14, 0, 0, 0)    182  581,400
  441    (11, 1, 1, -1, -12)    (23, 13, 13, 11, 0)    182 6,415,200
  442     (11, 3, 2, -7, -9)     (20, 12, 11, 2, 0)    182 24,324,300
  443    (11, 4, 0, -5, -10)     (21, 14, 10, 5, 0)    182 69,283,500
  444   (11, 5, -3, -3, -10)      (21, 15, 7, 7, 0)    182 19,278,000
  445   (12, 1, -1, -1, -11)    (23, 12, 10, 10, 0)    182 6,415,200
  446    (12, 2, 0, -4, -10)     (22, 12, 10, 6, 0)    182 39,939,900
  447    (12, 4, -2, -6, -8)      (20, 12, 6, 2, 0)    182 38,102,400
  448    (12, 5, -5, -5, -7)      (19, 12, 2, 2, 0)    182 5,768,400
  449     (7, 7, 3, -6, -11)     (18, 18, 14, 5, 0)    181 11,088,000
  450    (11, 6, -3, -7, -7)      (18, 13, 4, 0, 0)    181 11,088,000
  451     (6, 6, 5, -5, -12)     (18, 18, 17, 7, 0)    180 2,928,926
  452      (6, 6, 6, -9, -9)     (15, 15, 15, 0, 0)    180  197,676
  453     (7, 7, 2, -4, -12)     (19, 19, 14, 8, 0)    180 13,537,524
  454     (8, 5, 4, -6, -11)     (19, 16, 15, 5, 0)    180 18,059,899
  455    (8, 7, -1, -2, -12)    (20, 19, 11, 10, 0)    180 14,845,974
  456     (8, 7, 1, -5, -11)     (19, 18, 12, 6, 0)    180 32,471,124
  457      (8, 7, 2, -8, -9)     (17, 16, 11, 1, 0)    180 12,286,274
  458    (8, 8, -2, -3, -11)      (19, 19, 9, 8, 0)    180 8,357,349
  459     (9, 4, 4, -7, -10)     (19, 14, 14, 3, 0)    180 10,816,624
  460     (9, 5, 1, -3, -12)     (21, 17, 13, 9, 0)    180 48,828,125
  461      (9, 7, 0, -7, -9)      (18, 16, 9, 2, 0)    180 30,751,424
  462     (9, 8, -2, -7, -8)      (17, 16, 6, 1, 0)    180 12,286,274
  463     (9, 9, -6, -6, -6)      (15, 15, 0, 0, 0)    180  197,676
  464   (10, 4, -1, -1, -12)    (22, 16, 11, 11, 0)    180 14,317,849
  465    (10, 7, -4, -4, -9)      (19, 16, 5, 5, 0)    180 10,816,624
  466     (11, 1, 0, 0, -12)    (23, 13, 12, 12, 0)    180 3,279,276
  467    (11, 3, 0, -3, -11)     (22, 14, 11, 8, 0)    180 45,715,176
  468     (11, 3, 2, -8, -8)     (19, 11, 10, 0, 0)    180 8,357,349
  469    (11, 5, -1, -7, -8)      (19, 13, 7, 1, 0)    180 32,471,124
  470    (11, 6, -4, -5, -8)      (19, 14, 4, 3, 0)    180 18,059,899
  471    (12, 0, 0, -1, -11)    (23, 11, 11, 10, 0)    180 3,279,276
  472    (12, 1, 1, -4, -10)     (22, 11, 11, 6, 0)    180 14,317,849
  473     (12, 2, 1, -7, -8)      (20, 10, 9, 1, 0)    180 14,845,974
  474    (12, 3, -1, -5, -9)      (21, 12, 8, 4, 0)    180 48,828,125
  475    (12, 4, -2, -7, -7)      (19, 11, 5, 0, 0)    180 13,537,524
  476    (12, 5, -5, -6, -6)      (18, 11, 1, 0, 0)    180 2,928,926
  477      (9, 5, 3, -8, -9)     (18, 14, 12, 1, 0)    179 15,708,000
  478     (9, 8, -3, -5, -9)      (18, 17, 6, 4, 0)    179 15,708,000
  479     (8, 5, 3, -4, -12)     (20, 17, 15, 8, 0)    178 28,274,400
  480     (8, 6, 3, -7, -10)     (18, 16, 13, 3, 0)    178 21,725,550
  481      (8, 8, 0, -7, -9)      (17, 17, 9, 2, 0)    178 10,602,900
  482     (9, 5, 2, -5, -11)     (20, 16, 13, 6, 0)    178 48,837,600
  483    (9, 7, -1, -5, -10)      (19, 17, 9, 5, 0)    178 40,644,450
  484      (9, 7, 0, -8, -8)      (17, 15, 8, 0, 0)    178 10,602,900
  485    (10, 3, 1, -2, -12)    (22, 15, 13, 10, 0)    178 29,729,700
  486    (10, 4, 2, -6, -10)     (20, 14, 12, 4, 0)    178 42,732,900
  487   (10, 5, -1, -3, -11)     (21, 16, 10, 8, 0)    178 46,683,000
  488     (10, 5, 1, -7, -9)     (19, 14, 10, 2, 0)    178 40,644,450
  489   (10, 6, -2, -4, -10)      (20, 16, 8, 6, 0)    178 42,732,900
  490    (10, 7, -3, -6, -8)      (18, 15, 5, 2, 0)    178 21,725,550
  491    (11, 3, 1, -5, -10)     (21, 13, 11, 5, 0)    178 46,683,000
  492    (11, 5, -2, -5, -9)      (20, 14, 7, 4, 0)    178 48,837,600
  493   (12, 2, -1, -3, -10)      (22, 12, 9, 7, 0)    178 29,729,700
  494    (12, 4, -3, -5, -8)      (20, 12, 5, 3, 0)    178 28,274,400
  495     (7, 6, 4, -6, -11)     (18, 17, 15, 5, 0)    177 11,519,200
  496      (9, 4, 4, -8, -9)     (18, 13, 13, 1, 0)    177 5,605,600
  497     (9, 6, 0, -4, -11)     (20, 17, 11, 7, 0)    177 51,251,200
  498     (9, 6, 1, -6, -10)     (19, 16, 11, 4, 0)    177 47,720,400
  499     (9, 8, -4, -4, -9)      (18, 17, 5, 5, 0)    177 5,605,600
  500    (10, 4, 1, -4, -11)     (21, 15, 12, 7, 0)    177 54,978,000
  501    (10, 6, -1, -6, -9)      (19, 15, 8, 3, 0)    177 47,720,400
  502    (11, 2, 1, -3, -11)     (22, 13, 12, 8, 0)    177 25,989,600
  503   (11, 3, -1, -2, -11)     (22, 14, 10, 9, 0)    177 25,989,600
  504   (11, 4, -1, -4, -10)      (21, 14, 9, 6, 0)    177 54,978,000
  505     (11, 4, 0, -6, -9)      (20, 13, 9, 3, 0)    177 51,251,200
  506    (11, 6, -4, -6, -7)      (18, 13, 3, 1, 0)    177 11,519,200
  507     (7, 7, 3, -7, -10)     (17, 17, 13, 3, 0)    176 7,854,000
  508     (8, 4, 4, -4, -12)     (20, 16, 16, 8, 0)    176 10,388,250
  509     (8, 6, 1, -3, -12)     (20, 18, 13, 9, 0)    176 32,744,250
  510    (8, 8, -1, -5, -10)      (18, 18, 9, 5, 0)    176 13,975,500
  511      (8, 8, 0, -8, -8)      (16, 16, 8, 0, 0)    176 3,655,125
  512     (9, 4, 2, -3, -12)     (21, 16, 14, 9, 0)    176 34,627,500
  513     (9, 5, 0, -2, -12)    (21, 17, 12, 10, 0)    176 33,350,625
  514    (10, 2, 2, -2, -12)    (22, 14, 14, 10, 0)    176 10,939,500
  515    (10, 3, 3, -6, -10)     (20, 13, 13, 4, 0)    176 15,048,000
  516   (10, 5, -2, -2, -11)      (21, 16, 9, 9, 0)    176 16,458,750
  517     (10, 5, 1, -8, -8)      (18, 13, 9, 0, 0)    176 13,975,500
  518   (10, 6, -3, -3, -10)      (20, 16, 7, 7, 0)    176 15,048,000
  519    (10, 7, -3, -7, -7)      (17, 14, 4, 0, 0)    176 7,854,000
  520    (11, 2, 2, -5, -10)     (21, 12, 12, 5, 0)    176 16,458,750
  521   (12, 2, -2, -2, -10)      (22, 12, 8, 8, 0)    176 10,939,500
  522     (12, 2, 0, -5, -9)      (21, 11, 9, 4, 0)    176 33,350,625
  523    (12, 3, -2, -4, -9)      (21, 12, 7, 5, 0)    176 34,627,500
  524    (12, 3, -1, -6, -8)      (20, 11, 7, 2, 0)    176 32,744,250
  525    (12, 4, -4, -4, -8)      (20, 12, 4, 4, 0)    176 10,388,250
  526     (7, 5, 5, -6, -11)     (18, 16, 16, 5, 0)    175 4,694,976
  527     (7, 6, 3, -4, -12)     (19, 18, 15, 8, 0)    175 16,553,376
  528     (8, 5, 4, -7, -10)     (18, 15, 14, 3, 0)    175 12,773,376
  529      (8, 6, 3, -8, -9)     (17, 15, 12, 1, 0)    175 11,261,376
  530     (9, 4, 3, -5, -11)     (20, 15, 14, 6, 0)    175 27,143,424
  531     (9, 8, -3, -6, -8)      (17, 16, 5, 2, 0)    175 11,261,376
  532    (10, 3, 0, -1, -12)    (22, 15, 12, 11, 0)    175 17,611,776
  533    (10, 5, 0, -5, -10)     (20, 15, 10, 5, 0)    175 60,466,176
  534    (10, 7, -4, -5, -8)      (18, 15, 4, 3, 0)    175 12,773,376
  535    (11, 5, -3, -4, -9)      (20, 14, 6, 5, 0)    175 27,143,424
  536    (11, 6, -5, -5, -7)      (18, 13, 2, 2, 0)    175 4,694,976
  537    (12, 1, 0, -3, -10)     (22, 11, 10, 7, 0)    175 17,611,776
  538    (12, 4, -3, -6, -7)      (19, 11, 4, 1, 0)    175 16,553,376
  539     (7, 7, 1, -3, -12)     (19, 19, 13, 9, 0)    174 11,511,500
  540     (8, 6, 2, -5, -11)     (19, 17, 13, 6, 0)    174 33,488,000
  541     (8, 7, 0, -4, -11)     (19, 18, 11, 7, 0)    174 27,209,000
  542     (8, 7, 1, -6, -10)     (18, 17, 11, 4, 0)    174 25,525,500
  543     (9, 3, 3, -3, -12)     (21, 15, 15, 9, 0)    174 12,495,000
  544    (9, 5, -1, -1, -12)    (21, 17, 11, 11, 0)    174 11,830,000
  545    (9, 7, -2, -4, -10)      (19, 17, 8, 6, 0)    174 27,209,000
  546    (10, 3, 2, -4, -11)     (21, 14, 13, 7, 0)    174 30,345,000
  547     (10, 4, 2, -7, -9)     (19, 13, 11, 2, 0)    174 27,209,000
  548    (10, 6, -1, -7, -8)      (18, 14, 7, 1, 0)    174 25,525,500
  549   (11, 4, -2, -3, -10)      (21, 14, 8, 7, 0)    174 30,345,000
  550     (11, 4, 0, -7, -8)      (19, 12, 8, 1, 0)    174 27,209,000
  551    (11, 5, -2, -6, -8)      (19, 13, 6, 2, 0)    174 33,488,000
  552     (12, 1, 1, -5, -9)     (21, 10, 10, 4, 0)    174 11,830,000
  553    (12, 3, -3, -3, -9)      (21, 12, 6, 6, 0)    174 12,495,000
  554    (12, 3, -1, -7, -7)      (19, 10, 6, 0, 0)    174 11,511,500
  555     (6, 6, 5, -6, -11)     (17, 17, 16, 5, 0)    173 2,381,400
  556      (7, 7, 3, -8, -9)     (16, 16, 12, 1, 0)    173 4,069,800
  557    (9, 6, -1, -3, -11)     (20, 17, 10, 8, 0)    173 34,214,400
  558      (9, 6, 1, -7, -9)     (18, 15, 10, 2, 0)    173 30,472,200
  559     (9, 7, -1, -6, -9)      (18, 16, 8, 3, 0)    173 30,472,200
  560     (9, 8, -3, -7, -7)      (16, 15, 4, 0, 0)    173 4,069,800
  561    (11, 2, 0, -2, -11)     (22, 13, 11, 9, 0)    173 21,091,200
  562     (11, 3, 1, -6, -9)     (20, 12, 10, 3, 0)    173 34,214,400
  563    (11, 6, -5, -6, -6)      (17, 12, 1, 0, 0)    173 2,381,400
  564     (7, 5, 4, -4, -12)     (19, 17, 16, 8, 0)    172 10,758,825
  565     (7, 6, 4, -7, -10)     (17, 16, 14, 3, 0)    172 8,139,600
  566     (7, 7, 2, -5, -11)     (18, 18, 13, 6, 0)    172 11,884,950
  567      (8, 5, 4, -8, -9)     (17, 14, 13, 1, 0)    172 6,613,425
  568     (8, 6, 0, -2, -12)    (20, 18, 12, 10, 0)    172 22,072,050
  569    (8, 8, -2, -4, -10)      (18, 18, 8, 6, 0)    172 9,338,175
  570     (9, 5, 2, -6, -10)     (19, 15, 12, 4, 0)    172 38,144,925
  571    (9, 7, -3, -3, -10)      (19, 17, 7, 7, 0)    172 9,563,400
  572     (9, 8, -4, -5, -8)      (17, 16, 4, 3, 0)    172 6,613,425
  573    (10, 2, 1, -1, -12)    (22, 14, 13, 11, 0)    172 11,486,475
  574     (10, 3, 3, -7, -9)     (19, 12, 12, 2, 0)    172 9,563,400
  575    (10, 4, 0, -3, -11)     (21, 15, 11, 8, 0)    172 44,226,000
  576     (10, 4, 2, -8, -8)     (18, 12, 10, 0, 0)    172 9,338,175
  577    (10, 6, -2, -5, -9)      (19, 15, 7, 4, 0)    172 38,144,925
  578    (10, 7, -4, -6, -7)      (17, 14, 3, 1, 0)    172 8,139,600
  579    (11, 3, 0, -4, -10)     (21, 13, 10, 6, 0)    172 44,226,000
  580    (11, 5, -2, -7, -7)      (18, 12, 5, 0, 0)    172 11,884,950
  581   (12, 1, -1, -2, -10)      (22, 11, 9, 8, 0)    172 11,486,475
  582     (12, 2, 0, -6, -8)      (20, 10, 8, 2, 0)    172 22,072,050
  583    (12, 4, -4, -5, -7)      (19, 11, 3, 2, 0)    172 10,758,825
  584     (8, 5, 2, -3, -12)     (20, 17, 14, 9, 0)    171 28,672,000
  585     (8, 8, -1, -6, -9)      (17, 17, 8, 3, 0)    171 10,472,000
  586     (9, 4, 1, -2, -12)    (21, 16, 13, 10, 0)    171 29,260,000
  587     (9, 5, 1, -4, -11)     (20, 16, 12, 7, 0)    171 46,816,000
  588    (9, 6, -2, -2, -11)      (20, 17, 9, 9, 0)    171 12,012,000
  589      (9, 6, 1, -8, -8)      (17, 14, 9, 0, 0)    171 10,472,000
  590    (11, 1, 1, -2, -11)     (22, 12, 12, 9, 0)    171 8,008,000
  591   (11, 2, -1, -1, -11)    (22, 13, 10, 10, 0)    171 8,008,000
  592     (11, 2, 2, -6, -9)     (20, 11, 11, 3, 0)    171 12,012,000
  593    (11, 4, -1, -5, -9)      (20, 13, 8, 4, 0)    171 46,816,000
  594    (12, 2, -1, -4, -9)      (21, 11, 8, 5, 0)    171 29,260,000
  595    (12, 3, -2, -5, -8)      (20, 11, 6, 3, 0)    171 28,672,000
  596     (6, 6, 4, -4, -12)     (18, 18, 16, 8, 0)    170 4,378,374
  597     (7, 5, 5, -7, -10)     (17, 15, 15, 3, 0)    170 3,313,674
  598     (7, 7, 0, -2, -12)    (19, 19, 12, 10, 0)    170 7,714,476
  599     (8, 5, 3, -5, -11)     (19, 16, 14, 6, 0)    170 24,667,776
  600    (8, 6, -1, -1, -12)    (20, 18, 11, 11, 0)    170 7,783,776
  601    (8, 7, -1, -3, -11)     (19, 18, 10, 8, 0)    170 18,074,826
  602      (8, 7, 1, -7, -9)     (17, 16, 10, 2, 0)    170 16,288,776
  603    (8, 8, -3, -3, -10)      (18, 18, 7, 7, 0)    170 3,279,276
  604     (9, 6, 0, -5, -10)     (19, 16, 10, 5, 0)    170 44,618,574
  605     (9, 7, -1, -7, -8)      (17, 15, 7, 1, 0)    170 16,288,776
  606     (10, 2, 0, 0, -12)    (22, 14, 12, 12, 0)    170 4,705,974
  607     (10, 3, 3, -8, -8)     (18, 11, 11, 0, 0)    170 3,279,276
  608    (10, 4, 1, -5, -10)     (20, 14, 11, 5, 0)    170 47,171,124
  609   (10, 5, -1, -4, -10)      (20, 15, 9, 6, 0)    170 47,171,124
  610     (10, 5, 0, -6, -9)      (19, 14, 9, 3, 0)    170 44,618,574
  611    (10, 7, -5, -5, -7)      (17, 14, 2, 2, 0)    170 3,313,674
  612     (11, 3, 1, -7, -8)      (19, 11, 9, 1, 0)    170 18,074,826
  613    (11, 5, -3, -5, -8)      (19, 13, 5, 3, 0)    170 24,667,776
  614    (12, 0, 0, -2, -10)     (22, 10, 10, 8, 0)    170 4,705,974
  615     (12, 1, 1, -6, -8)       (20, 9, 9, 2, 0)    170 7,783,776
  616     (12, 2, 0, -7, -7)       (19, 9, 7, 0, 0)    170 7,714,476
  617    (12, 4, -4, -6, -6)      (18, 10, 2, 0, 0)    170 4,378,374
  618      (7, 6, 4, -8, -9)     (16, 15, 13, 1, 0)    169 4,212,000
  619     (9, 4, 3, -6, -10)     (19, 14, 13, 4, 0)    169 21,114,000
  620     (9, 8, -4, -6, -7)      (16, 15, 3, 1, 0)    169 4,212,000
  621   (10, 4, -1, -2, -11)     (21, 15, 10, 9, 0)    169 24,570,000
  622    (10, 6, -3, -4, -9)      (19, 15, 6, 5, 0)    169 21,114,000
  623    (11, 2, 1, -4, -10)     (21, 12, 11, 6, 0)    169 24,570,000
  624     (6, 5, 5, -4, -12)     (18, 17, 17, 8, 0)    168 2,241,525
  625     (6, 6, 5, -7, -10)     (16, 16, 15, 3, 0)    168 1,679,600
  626     (7, 6, 2, -3, -12)     (19, 18, 14, 9, 0)    168 16,116,100
  627    (7, 7, -1, -1, -12)    (19, 19, 11, 11, 0)    168 2,713,425
  628     (8, 4, 3, -3, -12)     (20, 16, 15, 9, 0)    168 16,618,350
  629     (8, 4, 4, -5, -11)     (19, 15, 15, 6, 0)    168 9,032,100
  630     (8, 6, 2, -6, -10)     (18, 16, 12, 4, 0)    168 26,114,550
  631    (8, 7, -2, -2, -11)      (19, 18, 9, 9, 0)    168 6,331,325
  632      (8, 7, 1, -8, -8)      (16, 15, 9, 0, 0)    168 5,595,975
  633     (8, 8, -1, -7, -8)      (16, 16, 7, 1, 0)    168 5,595,975
  634     (9, 3, 2, -2, -12)    (21, 15, 14, 10, 0)    168 16,978,500
  635     (9, 4, 0, -1, -12)    (21, 16, 12, 11, 0)    168 16,641,625
  636      (9, 5, 2, -7, -9)     (18, 14, 11, 2, 0)    168 24,249,225
  637     (9, 7, -2, -5, -9)      (18, 16, 7, 4, 0)    168 24,249,225
  638     (10, 1, 1, 0, -12)    (22, 13, 13, 12, 0)    168 2,416,700
  639    (10, 3, 1, -3, -11)     (21, 14, 12, 8, 0)    168 31,416,000
  640    (10, 6, -2, -6, -8)      (18, 14, 6, 2, 0)    168 26,114,550
  641    (10, 7, -5, -6, -6)      (16, 13, 1, 0, 0)    168 1,679,600
  642    (11, 1, 0, -1, -11)    (22, 12, 11, 10, 0)    168 6,645,925
  643     (11, 2, 2, -7, -8)     (19, 10, 10, 1, 0)    168 6,331,325
  644   (11, 3, -1, -3, -10)      (21, 13, 9, 7, 0)    168 31,416,000
  645    (11, 5, -4, -4, -8)      (19, 13, 4, 4, 0)    168 9,032,100
  646   (12, 0, -1, -1, -10)      (22, 10, 9, 9, 0)    168 2,416,700
  647     (12, 1, 0, -4, -9)      (21, 10, 9, 5, 0)    168 16,641,625
  648     (12, 1, 1, -7, -7)       (19, 8, 8, 0, 0)    168 2,713,425
  649    (12, 2, -2, -3, -9)      (21, 11, 7, 6, 0)    168 16,978,500
  650    (12, 3, -3, -4, -8)      (20, 11, 5, 4, 0)    168 16,618,350
  651    (12, 3, -2, -6, -7)      (19, 10, 5, 1, 0)    168 16,116,100
  652    (12, 4, -5, -5, -6)      (18, 10, 1, 1, 0)    168 2,241,525
  653      (7, 5, 5, -8, -9)     (16, 14, 14, 1, 0)    167 1,713,600
  654     (7, 6, 3, -5, -11)     (18, 17, 14, 6, 0)    167 14,414,400
  655     (8, 6, 1, -4, -11)     (19, 17, 12, 7, 0)    167 31,298,400
  656     (8, 7, 0, -5, -10)     (18, 17, 10, 5, 0)    167 23,654,400
  657     (9, 4, 2, -4, -11)     (20, 15, 13, 7, 0)    167 32,659,200
  658     (9, 8, -5, -5, -7)      (16, 15, 2, 2, 0)    167 1,713,600
  659    (10, 3, 2, -5, -10)     (20, 13, 12, 5, 0)    167 25,804,800
  660   (10, 5, -2, -3, -10)      (20, 15, 8, 7, 0)    167 25,804,800
  661     (10, 5, 0, -7, -8)      (18, 13, 8, 1, 0)    167 23,654,400
  662    (11, 4, -2, -4, -9)      (20, 13, 7, 5, 0)    167 32,659,200
  663    (11, 4, -1, -6, -8)      (19, 12, 7, 2, 0)    167 31,298,400
  664    (11, 5, -3, -6, -7)      (18, 12, 4, 1, 0)    167 14,414,400
  665     (7, 7, 2, -6, -10)     (17, 17, 12, 4, 0)    166 9,261,000
  666     (8, 5, 1, -2, -12)    (20, 17, 13, 10, 0)    166 23,166,000
  667     (8, 8, -2, -5, -9)      (17, 17, 7, 4, 0)    166 8,316,000
  668     (9, 5, 0, -3, -11)     (20, 16, 11, 8, 0)    166 36,679,500
  669      (9, 5, 2, -8, -8)     (17, 13, 10, 0, 0)    166 8,316,000
  670    (10, 2, 2, -3, -11)     (21, 13, 13, 8, 0)    166 11,340,000
  671    (10, 6, -2, -7, -7)      (17, 13, 5, 0, 0)    166 9,261,000
  672   (11, 3, -2, -2, -10)      (21, 13, 8, 8, 0)    166 11,340,000
  673     (11, 3, 0, -5, -9)      (20, 12, 9, 4, 0)    166 36,679,500
  674    (12, 2, -1, -5, -8)      (20, 10, 7, 3, 0)    166 23,166,000
  675      (6, 6, 5, -8, -9)     (15, 15, 14, 1, 0)    165  868,224
  676     (7, 7, 1, -4, -11)     (18, 18, 12, 7, 0)    165 10,986,976
  677     (9, 3, 3, -4, -11)     (20, 14, 14, 7, 0)    165 11,698,176
  678      (9, 4, 3, -7, -9)     (18, 13, 12, 2, 0)    165 13,389,376
  679    (9, 6, -1, -4, -10)      (19, 16, 9, 6, 0)    165 34,456,576
  680      (9, 6, 0, -6, -9)      (18, 15, 9, 3, 0)    165 32,870,376
  681     (9, 7, -3, -4, -9)      (18, 16, 6, 5, 0)    165 13,389,376
  682     (9, 8, -5, -6, -6)      (15, 14, 1, 0, 0)    165  868,224
  683     (10, 4, 1, -6, -9)     (19, 13, 10, 3, 0)    165 34,456,576
  684     (11, 0, 0, 0, -11)    (22, 11, 11, 11, 0)    165  861,224
  685    (11, 4, -3, -3, -9)      (20, 13, 6, 6, 0)    165 11,698,176
  686    (11, 4, -1, -7, -7)      (18, 11, 6, 0, 0)    165 10,986,976
  687     (7, 5, 3, -3, -12)     (19, 17, 15, 9, 0)    164 13,342,875
  688     (7, 5, 4, -5, -11)     (18, 16, 15, 6, 0)    164 9,326,625
  689     (8, 5, 3, -6, -10)     (18, 15, 13, 4, 0)    164 19,144,125
  690      (8, 6, 2, -7, -9)     (17, 15, 11, 2, 0)    164 16,584,750
  691     (9, 3, 1, -1, -12)    (21, 15, 13, 11, 0)    164 13,820,625
  692     (9, 5, 1, -5, -10)     (19, 15, 11, 5, 0)    164 40,028,625
  693     (9, 7, -2, -6, -8)      (17, 15, 6, 2, 0)    164 16,584,750
  694    (10, 3, 0, -2, -11)     (21, 14, 11, 9, 0)    164 23,205,000
  695    (10, 4, 0, -4, -10)     (20, 14, 10, 6, 0)    164 42,483,000
  696    (10, 5, -1, -5, -9)      (19, 14, 8, 4, 0)    164 40,028,625
  697    (10, 6, -3, -5, -8)      (18, 14, 5, 3, 0)    164 19,144,125
  698    (11, 2, 0, -3, -10)     (21, 12, 10, 7, 0)    164 23,205,000
  699    (11, 5, -4, -5, -7)      (18, 12, 3, 2, 0)    164 9,326,625
  700    (12, 1, -1, -3, -9)      (21, 10, 8, 6, 0)    164 13,820,625
  701    (12, 3, -3, -5, -7)      (19, 10, 4, 2, 0)    164 13,342,875
  702     (7, 6, 1, -2, -12)    (19, 18, 13, 10, 0)    163 12,751,200
  703     (8, 5, 0, -1, -12)    (20, 17, 12, 11, 0)    163 12,902,400
  704     (8, 8, -3, -4, -9)      (17, 17, 6, 5, 0)    163 4,586,400
  705      (9, 4, 3, -8, -8)     (17, 12, 11, 0, 0)    163 4,586,400
  706    (9, 5, -1, -2, -11)     (20, 16, 10, 9, 0)    163 20,109,600
  707     (11, 2, 1, -5, -9)     (20, 11, 10, 4, 0)    163 20,109,600
  708     (12, 1, 0, -5, -8)       (20, 9, 8, 3, 0)    163 12,902,400
  709    (12, 2, -1, -6, -7)       (19, 9, 6, 1, 0)    163 12,751,200
  710     (6, 6, 3, -3, -12)     (18, 18, 15, 9, 0)    162 5,039,650
  711     (6, 6, 4, -5, -11)     (17, 17, 15, 6, 0)    162 3,790,150
  712     (7, 4, 4, -3, -12)     (19, 16, 16, 9, 0)    162 5,112,900
  713      (7, 7, 2, -7, -9)     (16, 16, 11, 2, 0)    162 5,878,600
  714     (8, 4, 2, -2, -12)    (20, 16, 14, 10, 0)    162 17,388,800
  715     (8, 4, 4, -6, -10)     (18, 14, 14, 4, 0)    162 6,993,800
  716     (8, 5, 2, -4, -11)     (19, 16, 13, 7, 0)    162 26,919,200
  717     (8, 6, 0, -3, -11)     (19, 17, 11, 8, 0)    162 24,174,150
  718      (8, 6, 2, -8, -8)     (16, 14, 10, 0, 0)    162 5,684,800
  719    (8, 7, -1, -4, -10)      (18, 17, 9, 6, 0)    162 18,168,150
  720      (8, 7, 0, -6, -9)      (17, 16, 9, 3, 0)    162 17,409,700
  721     (8, 8, -2, -6, -8)      (16, 16, 6, 2, 0)    162 5,684,800
  722     (9, 2, 2, -1, -12)    (21, 14, 14, 11, 0)    162 5,304,000
  723      (9, 3, 0, 0, -12)    (21, 15, 12, 12, 0)    162 5,255,250
  724    (9, 6, -2, -3, -10)      (19, 16, 8, 7, 0)    162 18,747,300
  725      (9, 6, 0, -7, -8)      (17, 14, 8, 1, 0)    162 17,409,700
  726     (9, 7, -2, -7, -7)      (16, 14, 5, 0, 0)    162 5,878,600
  727   (10, 3, -1, -1, -11)    (21, 14, 10, 10, 0)    162 8,508,500
  728     (10, 3, 2, -6, -9)     (19, 12, 11, 3, 0)    162 18,747,300
  729     (10, 4, 1, -7, -8)      (18, 12, 9, 1, 0)    162 18,168,150
  730    (10, 6, -4, -4, -8)      (18, 14, 4, 4, 0)    162 6,993,800
  731    (11, 1, 1, -3, -10)     (21, 11, 11, 7, 0)    162 8,508,500
  732     (11, 3, 0, -6, -8)      (19, 11, 8, 2, 0)    162 24,174,150
  733    (11, 4, -2, -5, -8)      (19, 12, 6, 3, 0)    162 26,919,200
  734    (11, 5, -4, -6, -6)      (17, 11, 2, 0, 0)    162 3,790,150
  735     (12, 0, 0, -3, -9)       (21, 9, 9, 6, 0)    162 5,255,250
  736    (12, 1, -2, -2, -9)      (21, 10, 7, 7, 0)    162 5,304,000
  737    (12, 2, -2, -4, -8)      (20, 10, 6, 4, 0)    162 17,388,800
  738    (12, 3, -4, -4, -7)      (19, 10, 3, 3, 0)    162 5,112,900
  739    (12, 3, -3, -6, -6)       (18, 9, 3, 0, 0)    162 5,039,650
  740     (7, 6, 3, -6, -10)     (17, 16, 13, 4, 0)    161 11,172,000
  741     (9, 4, 1, -3, -11)     (20, 15, 12, 8, 0)    161 30,618,000
  742    (10, 2, 1, -2, -11)     (21, 13, 12, 9, 0)    161 13,860,000
  743    (10, 6, -3, -6, -7)      (17, 13, 4, 1, 0)    161 11,172,000
  744   (11, 2, -1, -2, -10)      (21, 12, 9, 8, 0)    161 13,860,000
  745    (11, 3, -1, -4, -9)      (20, 12, 8, 5, 0)    161 30,618,000
  746     (6, 5, 5, -5, -11)     (17, 16, 16, 6, 0)    160 1,935,549
  747     (7, 6, 0, -1, -12)    (19, 18, 12, 11, 0)    160 7,029,099
  748     (7, 7, 0, -3, -11)     (18, 18, 11, 8, 0)    160 8,432,424
  749      (7, 7, 2, -8, -8)     (15, 15, 10, 0, 0)    160 2,014,551
  750     (8, 3, 3, -2, -12)    (20, 15, 15, 10, 0)    160 6,432,426
  751      (8, 5, 3, -7, -9)     (17, 14, 12, 2, 0)    160 12,122,649
  752     (8, 6, 1, -5, -10)     (18, 16, 11, 5, 0)    160 26,702,676
  753     (8, 8, -2, -7, -7)      (15, 15, 5, 0, 0)    160 2,014,551
  754     (9, 4, 2, -5, -10)     (19, 14, 12, 5, 0)    160 27,638,226
  755     (9, 7, -3, -5, -8)      (17, 15, 5, 3, 0)    160 12,122,649
  756    (10, 3, 1, -4, -10)     (20, 13, 11, 6, 0)    160 29,405,376
  757   (10, 4, -1, -3, -10)      (20, 14, 9, 7, 0)    160 29,405,376
  758    (10, 5, -2, -4, -9)      (19, 14, 7, 5, 0)    160 27,638,226
  759    (10, 5, -1, -6, -8)      (18, 13, 7, 2, 0)    160 26,702,676
  760     (11, 3, 0, -7, -7)      (18, 10, 7, 0, 0)    160 8,432,424
  761    (11, 5, -5, -5, -6)      (17, 11, 1, 1, 0)    160 1,935,549
  762     (12, 1, 0, -6, -7)       (19, 8, 7, 1, 0)    160 7,029,099
  763    (12, 2, -3, -3, -8)      (20, 10, 5, 5, 0)    160 6,432,426
  764     (6, 5, 4, -3, -12)     (18, 17, 16, 9, 0)    159 4,224,000
  765     (7, 6, 2, -4, -11)     (18, 17, 13, 7, 0)    159 15,092,000
  766     (8, 4, 3, -4, -11)     (19, 15, 14, 7, 0)    159 15,456,000
  767    (8, 6, -1, -2, -11)     (19, 17, 10, 9, 0)    159 13,156,000
  768    (8, 7, -2, -3, -10)      (18, 17, 8, 7, 0)    159 9,856,000
  769      (8, 7, 0, -7, -8)      (16, 15, 8, 1, 0)    159 9,216,000
  770      (9, 2, 1, 0, -12)    (21, 14, 13, 12, 0)    159 4,420,000
  771      (9, 5, 1, -6, -9)     (18, 14, 10, 3, 0)    159 29,172,000
  772     (9, 6, -1, -5, -9)      (18, 15, 8, 4, 0)    159 29,172,000
  773     (10, 3, 2, -7, -8)     (18, 11, 10, 1, 0)    159 9,856,000
  774     (11, 2, 1, -6, -8)      (19, 10, 9, 2, 0)    159 13,156,000
  775    (11, 4, -3, -4, -8)      (19, 12, 5, 4, 0)    159 15,456,000
  776    (11, 4, -2, -6, -7)      (18, 11, 5, 1, 0)    159 15,092,000
  777    (12, 0, -1, -2, -9)       (21, 9, 8, 7, 0)    159 4,420,000
  778    (12, 3, -4, -5, -6)       (18, 9, 2, 1, 0)    159 4,224,000
  779     (7, 5, 2, -2, -12)    (19, 17, 14, 10, 0)    158 12,751,200
  780     (7, 5, 4, -6, -10)     (17, 15, 14, 4, 0)    158 7,207,200
  781     (7, 7, 1, -5, -10)     (17, 17, 11, 5, 0)    158 9,363,900
  782     (8, 4, 1, -1, -12)    (20, 16, 13, 11, 0)    158 12,927,600
  783      (8, 4, 4, -7, -9)     (17, 13, 13, 2, 0)    158 4,422,600
  784      (8, 5, 3, -8, -8)     (16, 13, 11, 0, 0)    158 4,149,600
  785     (8, 8, -3, -5, -8)      (16, 16, 5, 3, 0)    158 4,149,600
  786     (9, 3, 2, -3, -11)     (20, 14, 13, 8, 0)    158 17,350,200
  787     (9, 3, 3, -5, -10)     (19, 13, 13, 5, 0)    158 9,853,200
  788     (9, 5, 0, -4, -10)     (19, 15, 10, 6, 0)    158 35,065,800
  789     (9, 7, -4, -4, -8)      (17, 15, 4, 4, 0)    158 4,422,600
  790    (10, 2, 0, -1, -11)    (21, 13, 11, 10, 0)    158 9,009,000
  791    (10, 2, 2, -4, -10)     (20, 12, 12, 6, 0)    158 10,495,800
  792   (10, 4, -2, -2, -10)      (20, 14, 8, 8, 0)    158 10,495,800
  793     (10, 4, 0, -5, -9)      (19, 13, 9, 4, 0)    158 35,065,800
  794    (10, 5, -3, -3, -9)      (19, 14, 6, 6, 0)    158 9,853,200
  795    (10, 5, -1, -7, -7)      (17, 12, 6, 0, 0)    158 9,363,900
  796    (10, 6, -4, -5, -7)      (17, 13, 3, 2, 0)    158 7,207,200
  797    (11, 1, 0, -2, -10)     (21, 11, 10, 8, 0)    158 9,009,000
  798    (11, 3, -2, -3, -9)      (20, 12, 7, 6, 0)    158 17,350,200
  799    (12, 1, -1, -4, -8)       (20, 9, 7, 4, 0)    158 12,927,600
  800    (12, 2, -2, -5, -7)       (19, 9, 5, 2, 0)    158 12,751,200
  801      (7, 6, 3, -7, -9)     (16, 15, 12, 2, 0)    157 7,068,600
  802    (7, 7, -1, -2, -11)     (18, 18, 10, 9, 0)    157 4,573,800
  803     (9, 4, 0, -2, -11)     (20, 15, 11, 9, 0)    157 21,621,600
  804     (9, 7, -3, -6, -7)      (16, 14, 4, 1, 0)    157 7,068,600
  805     (11, 2, 0, -4, -9)      (20, 11, 9, 5, 0)    157 21,621,600
  806     (11, 2, 1, -7, -7)       (18, 9, 8, 0, 0)    157 4,573,800
  807     (5, 5, 5, -3, -12)     (17, 17, 17, 9, 0)    156  548,625
  808     (6, 6, 2, -2, -12)    (18, 18, 14, 10, 0)    156 4,658,500
  809     (6, 6, 4, -6, -10)     (16, 16, 14, 4, 0)    156 2,926,000
  810      (8, 4, 0, 0, -12)    (20, 16, 12, 12, 0)    156 4,754,750
  811      (8, 4, 4, -8, -8)     (16, 12, 12, 0, 0)    156 1,512,875
  812     (8, 5, 1, -3, -11)     (19, 16, 12, 8, 0)    156 24,089,625
  813     (8, 7, -1, -5, -9)      (17, 16, 8, 4, 0)    156 15,361,500
  814     (8, 8, -4, -4, -8)      (16, 16, 4, 4, 0)    156 1,512,875
  815      (9, 1, 1, 1, -12)    (21, 13, 13, 13, 0)    156  577,500
  816      (9, 5, 1, -7, -8)      (17, 13, 9, 1, 0)    156 15,361,500
  817    (10, 1, 1, -1, -11)    (21, 12, 12, 10, 0)    156 3,705,625
  818    (10, 6, -4, -6, -6)      (16, 12, 2, 0, 0)    156 2,926,000
  819   (11, 1, -1, -1, -10)      (21, 11, 9, 9, 0)    156 3,705,625
  820    (11, 3, -1, -5, -8)      (19, 11, 7, 3, 0)    156 24,089,625
  821   (12, -1, -1, -1, -9)       (21, 8, 8, 8, 0)    156  577,500
  822     (12, 0, 0, -4, -8)       (20, 8, 8, 4, 0)    156 4,754,750
  823    (12, 2, -2, -6, -6)       (18, 8, 4, 0, 0)    156 4,658,500
  824    (12, 3, -5, -5, -5)       (17, 8, 0, 0, 0)    156  548,625
  825     (7, 4, 3, -2, -12)    (19, 16, 15, 10, 0)    155 7,845,024
  826     (7, 5, 3, -4, -11)     (18, 16, 14, 7, 0)    155 12,359,424
  827      (7, 6, 3, -8, -8)     (15, 14, 11, 0, 0)    155 2,418,624
  828     (8, 3, 2, -1, -12)    (20, 15, 14, 11, 0)    155 7,962,624
  829     (8, 5, 2, -5, -10)     (18, 15, 12, 5, 0)    155 22,708,224
  830      (8, 6, 1, -6, -9)     (17, 15, 10, 3, 0)    155 19,432,224
  831     (8, 8, -3, -6, -7)      (15, 15, 4, 1, 0)    155 2,418,624
  832    (9, 4, -1, -1, -11)    (20, 15, 10, 10, 0)    155 7,783,776
  833      (9, 4, 2, -6, -9)     (18, 13, 11, 3, 0)    155 20,015,424
  834     (9, 6, -2, -4, -9)      (18, 15, 7, 5, 0)    155 20,015,424
  835     (9, 6, -1, -6, -8)      (17, 14, 7, 2, 0)    155 19,432,224
  836    (10, 3, 0, -3, -10)     (20, 13, 10, 7, 0)    155 25,165,824
  837    (10, 5, -2, -5, -8)      (18, 13, 6, 3, 0)    155 22,708,224
  838     (11, 1, 1, -4, -9)     (20, 10, 10, 5, 0)    155 7,783,776
  839    (11, 4, -3, -5, -7)      (18, 11, 4, 2, 0)    155 12,359,424
  840    (12, 1, -2, -3, -8)       (20, 9, 6, 5, 0)    155 7,962,624
  841    (12, 2, -3, -4, -7)       (19, 9, 4, 3, 0)    155 7,845,024
  842     (6, 5, 5, -6, -10)     (16, 15, 15, 4, 0)    154 1,491,750
  843     (7, 5, 1, -1, -12)    (19, 17, 13, 11, 0)    154 9,108,000
  844      (7, 5, 4, -7, -9)     (16, 14, 13, 2, 0)    154 4,551,750
  845     (8, 6, 0, -4, -10)     (18, 16, 10, 6, 0)    154 23,042,250
  846    (9, 5, -1, -3, -10)      (19, 15, 9, 7, 0)    154 23,908,500
  847     (9, 7, -4, -5, -7)      (16, 14, 3, 2, 0)    154 4,551,750
  848     (10, 1, 0, 0, -11)    (21, 12, 11, 11, 0)    154 1,901,250
  849     (10, 3, 1, -5, -9)     (19, 12, 10, 4, 0)    154 23,908,500
  850     (10, 4, 0, -6, -8)      (18, 12, 8, 2, 0)    154 23,042,250
  851    (10, 6, -5, -5, -6)      (16, 12, 1, 1, 0)    154 1,491,750
  852    (11, 0, 0, -1, -10)     (21, 10, 10, 9, 0)    154 1,901,250
  853    (12, 1, -1, -5, -7)       (19, 8, 6, 2, 0)    154 9,108,000
  854     (6, 6, 3, -4, -11)     (17, 17, 14, 7, 0)    153 4,659,200
  855     (7, 4, 4, -4, -11)     (18, 15, 15, 7, 0)    153 4,712,400
  856     (7, 6, 1, -3, -11)     (18, 17, 12, 8, 0)    153 13,213,200
  857      (7, 7, 1, -6, -9)     (16, 16, 10, 3, 0)    153 6,809,600
  858     (9, 3, 1, -2, -11)     (20, 14, 12, 9, 0)    153 16,326,800
  859      (9, 3, 3, -6, -9)     (18, 12, 12, 3, 0)    153 7,114,800
  860     (9, 4, 1, -4, -10)     (19, 14, 11, 6, 0)    153 28,464,800
  861     (9, 6, -3, -3, -9)      (18, 15, 6, 6, 0)    153 7,114,800
  862     (9, 6, -1, -7, -7)      (16, 13, 6, 0, 0)    153 6,809,600
  863    (10, 4, -1, -4, -9)      (19, 13, 8, 5, 0)    153 28,464,800
  864    (11, 2, -1, -3, -9)      (20, 11, 8, 6, 0)    153 16,326,800
  865    (11, 3, -1, -6, -7)      (18, 10, 6, 1, 0)    153 13,213,200
  866    (11, 4, -4, -4, -7)      (18, 11, 3, 3, 0)    153 4,712,400
  867    (11, 4, -3, -6, -6)      (17, 10, 3, 0, 0)    153 4,659,200
  868     (6, 5, 3, -2, -12)    (18, 17, 15, 10, 0)    152 5,091,075
  869     (6, 6, 1, -1, -12)    (18, 18, 13, 11, 0)    152 3,274,425
  870      (6, 6, 4, -7, -9)     (15, 15, 13, 2, 0)    152 1,846,800
  871      (7, 5, 0, 0, -12)    (19, 17, 12, 12, 0)    152 3,296,475
  872      (7, 5, 4, -8, -8)     (15, 13, 12, 0, 0)    152 1,556,100
  873     (7, 6, 2, -5, -10)     (17, 16, 12, 5, 0)    152 12,708,150
  874     (7, 7, 0, -4, -10)     (17, 17, 10, 6, 0)    152 8,026,200
  875      (8, 3, 1, 0, -12)    (20, 15, 13, 12, 0)    152 5,212,350
  876     (8, 4, 2, -3, -11)     (19, 15, 13, 8, 0)    152 17,605,350
  877     (8, 4, 3, -5, -10)     (18, 14, 13, 5, 0)    152 12,959,100
  878     (8, 5, 0, -2, -11)     (19, 16, 11, 9, 0)    152 16,616,925
  879      (8, 6, 1, -7, -8)      (16, 14, 9, 1, 0)    152 10,224,225
  880     (8, 7, -2, -4, -9)      (17, 16, 7, 5, 0)    152 10,503,675
  881     (8, 7, -1, -6, -8)      (16, 15, 7, 2, 0)    152 10,224,225
  882     (8, 8, -4, -5, -7)      (15, 15, 3, 2, 0)    152 1,556,100
  883      (9, 4, 2, -7, -8)     (17, 12, 10, 1, 0)    152 10,503,675
  884    (9, 5, -2, -2, -10)      (19, 15, 8, 8, 0)    152 8,476,650
  885      (9, 5, 0, -5, -9)      (18, 14, 9, 4, 0)    152 28,849,425
  886     (9, 7, -4, -6, -6)      (15, 13, 2, 0, 0)    152 1,846,800
  887    (10, 2, 1, -3, -10)     (20, 12, 11, 7, 0)    152 14,414,400
  888     (10, 2, 2, -5, -9)     (19, 11, 11, 4, 0)    152 8,476,650
  889   (10, 3, -1, -2, -10)      (20, 13, 9, 8, 0)    152 14,414,400
  890     (10, 4, 0, -7, -7)      (17, 11, 7, 0, 0)    152 8,026,200
  891    (10, 5, -3, -4, -8)      (18, 13, 5, 4, 0)    152 12,959,100
  892    (10, 5, -2, -6, -7)      (17, 12, 5, 1, 0)    152 12,708,150
  893     (11, 2, 0, -5, -8)      (19, 10, 8, 3, 0)    152 16,616,925
  894    (11, 3, -2, -4, -8)      (19, 11, 6, 4, 0)    152 17,605,350
  895    (12, 0, -1, -3, -8)       (20, 8, 7, 5, 0)    152 5,212,350
  896     (12, 0, 0, -5, -7)       (19, 7, 7, 2, 0)    152 3,296,475
  897    (12, 1, -1, -6, -6)       (18, 7, 5, 0, 0)    152 3,274,425
  898    (12, 2, -3, -5, -6)       (18, 8, 3, 1, 0)    152 5,091,075
  899     (9, 2, 2, -2, -11)     (20, 13, 13, 9, 0)    151 6,048,000
  900    (11, 2, -2, -2, -9)      (20, 11, 7, 7, 0)    151 6,048,000
  901     (6, 4, 4, -2, -12)    (18, 16, 16, 10, 0)    150 2,124,276
  902     (6, 5, 4, -4, -11)     (17, 16, 15, 7, 0)    150 3,879,876
  903      (6, 5, 5, -7, -9)     (15, 14, 14, 2, 0)    150  940,576
  904      (6, 6, 0, 0, -12)    (18, 18, 12, 12, 0)    150 1,177,176
  905      (6, 6, 4, -8, -8)     (14, 14, 12, 0, 0)    150  631,176
  906     (7, 4, 2, -1, -12)    (19, 16, 14, 11, 0)    150 7,537,376
  907      (7, 7, 1, -7, -8)      (15, 15, 9, 1, 0)    150 3,581,424
  908      (8, 2, 2, 0, -12)    (20, 14, 14, 12, 0)    150 2,178,176
  909     (8, 3, 3, -3, -11)     (19, 14, 14, 8, 0)    150 6,437,424
  910    (8, 5, -1, -1, -11)    (19, 16, 10, 10, 0)    150 5,922,224
  911      (8, 5, 2, -6, -9)     (17, 14, 11, 3, 0)    150 16,410,576
  912    (8, 6, -1, -3, -10)      (18, 16, 9, 7, 0)    150 15,578,024
  913     (8, 7, -3, -3, -9)      (17, 16, 6, 6, 0)    150 3,727,724
  914     (8, 7, -1, -7, -7)      (15, 14, 6, 0, 0)    150 3,581,424
  915     (8, 8, -4, -6, -6)      (14, 14, 2, 0, 0)    150  631,176
  916     (9, 3, 0, -1, -11)    (20, 14, 11, 10, 0)    150 9,733,724
  917     (9, 3, 2, -4, -10)     (19, 13, 12, 6, 0)    150 15,904,224
  918      (9, 3, 3, -7, -8)     (17, 11, 11, 1, 0)    150 3,727,724
  919     (9, 6, -2, -5, -8)      (17, 14, 6, 3, 0)    150 16,410,576
  920     (9, 7, -5, -5, -6)      (15, 13, 1, 1, 0)    150  940,576
  921     (10, 3, 1, -6, -8)      (18, 11, 9, 2, 0)    150 15,578,024
  922    (10, 4, -2, -3, -9)      (19, 13, 7, 6, 0)    150 15,904,224
  923     (11, 1, 0, -3, -9)      (20, 10, 9, 6, 0)    150 9,733,724
  924     (11, 1, 1, -5, -8)       (19, 9, 9, 3, 0)    150 5,922,224
  925    (11, 3, -3, -3, -8)      (19, 11, 5, 5, 0)    150 6,437,424
  926    (11, 4, -4, -5, -6)      (17, 10, 2, 1, 0)    150 3,879,876
  927    (12, 0, -2, -2, -8)       (20, 8, 6, 6, 0)    150 2,178,176
  928     (12, 0, 0, -6, -6)       (18, 6, 6, 0, 0)    150 1,177,176
  929    (12, 1, -2, -4, -7)       (19, 8, 5, 3, 0)    150 7,537,376
  930    (12, 2, -4, -4, -6)       (18, 8, 2, 2, 0)    150 2,124,276
  931     (7, 6, 0, -2, -11)     (18, 17, 11, 9, 0)    149 9,009,000
  932     (11, 2, 0, -6, -7)       (18, 9, 7, 1, 0)    149 9,009,000
  933     (5, 5, 4, -2, -12)    (17, 17, 16, 10, 0)    148 1,091,475
  934      (6, 5, 5, -8, -8)     (14, 13, 13, 0, 0)    148  321,300
  935     (7, 3, 3, -1, -12)    (19, 15, 15, 11, 0)    148 2,903,175
  936     (7, 5, 2, -3, -11)     (18, 16, 13, 8, 0)    148 12,837,825
  937     (7, 5, 3, -5, -10)     (17, 15, 13, 5, 0)    148 10,333,575
  938    (7, 7, -1, -3, -10)      (17, 17, 9, 7, 0)    148 5,405,400
  939      (8, 2, 1, 1, -12)    (20, 14, 13, 13, 0)    148 1,124,550
  940     (8, 5, 1, -4, -10)     (18, 15, 11, 6, 0)    148 22,297,275
  941    (8, 6, -2, -2, -10)      (18, 16, 8, 8, 0)    148 5,501,925
  942      (8, 6, 0, -5, -9)      (17, 15, 9, 4, 0)    148 18,918,900
  943     (8, 8, -5, -5, -6)      (14, 14, 1, 1, 0)    148  321,300
  944     (9, 4, 0, -3, -10)     (19, 14, 10, 7, 0)    148 23,225,400
  945      (9, 5, 0, -6, -8)      (17, 13, 8, 2, 0)    148 18,918,900
  946    (10, 2, 0, -2, -10)     (20, 12, 10, 8, 0)    148 11,809,800
  947     (10, 2, 2, -6, -8)     (18, 10, 10, 2, 0)    148 5,501,925
  948     (10, 3, 0, -4, -9)      (19, 12, 9, 5, 0)    148 23,225,400
  949     (10, 3, 1, -7, -7)      (17, 10, 8, 0, 0)    148 5,405,400
  950    (10, 4, -1, -5, -8)      (18, 12, 7, 3, 0)    148 22,297,275
  951    (10, 5, -3, -5, -7)      (17, 12, 4, 2, 0)    148 10,333,575
  952    (11, 3, -2, -5, -7)      (18, 10, 5, 2, 0)    148 12,837,825
  953   (12, -1, -1, -2, -8)       (20, 7, 7, 6, 0)    148 1,124,550
  954    (12, 1, -3, -3, -7)       (19, 8, 4, 4, 0)    148 2,903,175
  955    (12, 2, -4, -5, -5)       (17, 7, 1, 0, 0)    148 1,091,475
  956     (5, 5, 5, -4, -11)     (16, 16, 16, 7, 0)    147  501,600
  957     (6, 5, 2, -1, -12)    (18, 17, 14, 11, 0)    147 4,505,600
  958      (7, 4, 1, 0, -12)    (19, 16, 13, 12, 0)    147 4,544,800
  959    (7, 6, -1, -1, -11)    (18, 17, 10, 10, 0)    147 3,194,400
  960      (7, 6, 2, -6, -9)     (16, 15, 11, 3, 0)    147 9,172,800
  961     (8, 4, 1, -2, -11)     (19, 15, 12, 9, 0)    147 15,069,600
  962      (8, 4, 3, -6, -9)     (17, 13, 12, 3, 0)    147 9,329,600
  963      (8, 5, 2, -7, -8)     (16, 13, 10, 1, 0)    147 8,601,600
  964     (8, 7, -2, -5, -8)      (16, 15, 6, 3, 0)    147 8,601,600
  965     (9, 2, 1, -1, -11)    (20, 13, 12, 10, 0)    147 6,406,400
  966      (9, 4, 1, -5, -9)     (18, 13, 10, 4, 0)    147 23,038,400
  967     (9, 5, -1, -4, -9)      (18, 14, 8, 5, 0)    147 23,038,400
  968     (9, 6, -3, -4, -8)      (17, 14, 5, 4, 0)    147 9,329,600
  969     (9, 6, -2, -6, -7)      (16, 13, 5, 1, 0)    147 9,172,800
  970    (11, 1, -1, -2, -9)      (20, 10, 8, 7, 0)    147 6,406,400
  971     (11, 1, 1, -6, -7)       (18, 8, 8, 1, 0)    147 3,194,400
  972    (11, 2, -1, -4, -8)      (19, 10, 7, 4, 0)    147 15,069,600
  973    (11, 4, -5, -5, -5)       (16, 9, 0, 0, 0)    147  501,600
  974    (12, 0, -1, -4, -7)       (19, 7, 6, 3, 0)    147 4,544,800
  975    (12, 1, -2, -5, -6)       (18, 7, 4, 1, 0)    147 4,505,600
  976     (6, 6, 2, -3, -11)     (17, 17, 13, 8, 0)    146 4,677,750
  977     (6, 6, 3, -5, -10)     (16, 16, 13, 5, 0)    146 3,890,250
  978     (7, 4, 4, -5, -10)     (17, 14, 14, 5, 0)    146 3,927,000
  979    (7, 7, -2, -2, -10)      (17, 17, 8, 8, 0)    146 1,905,750
  980      (7, 7, 0, -5, -9)      (16, 16, 9, 4, 0)    146 6,583,500
  981      (9, 5, 0, -7, -7)      (16, 12, 7, 0, 0)    146 6,583,500
  982    (10, 1, 1, -2, -10)     (20, 11, 11, 8, 0)    146 4,504,500
  983   (10, 2, -1, -1, -10)      (20, 12, 9, 9, 0)    146 4,504,500
  984     (10, 2, 2, -7, -7)       (17, 9, 9, 0, 0)    146 1,905,750
  985    (10, 5, -4, -4, -7)      (17, 12, 3, 3, 0)    146 3,927,000
  986    (10, 5, -3, -6, -6)      (16, 11, 3, 0, 0)    146 3,890,250
  987    (11, 3, -2, -6, -6)       (17, 9, 4, 0, 0)    146 4,677,750
  988     (7, 4, 3, -3, -11)     (18, 15, 14, 8, 0)    145 7,783,776
  989     (7, 6, 1, -4, -10)     (17, 16, 11, 6, 0)    145 12,199,824
  990      (9, 2, 0, 0, -11)    (20, 13, 11, 11, 0)    145 2,635,776
  991    (9, 4, -1, -2, -10)      (19, 14, 9, 8, 0)    145 13,006,224
  992     (10, 2, 1, -4, -9)     (19, 11, 10, 5, 0)    145 13,006,224
  993    (10, 4, -1, -6, -7)      (17, 11, 6, 1, 0)    145 12,199,824
  994     (11, 0, 0, -2, -9)       (20, 9, 9, 7, 0)    145 2,635,776
  995    (11, 3, -3, -4, -7)      (18, 10, 4, 3, 0)    145 7,783,776
  996     (6, 4, 3, -1, -12)    (18, 16, 15, 11, 0)    144 3,108,875
  997      (6, 5, 1, 0, -12)    (18, 17, 13, 12, 0)    144 2,627,625
  998      (7, 3, 2, 0, -12)    (19, 15, 14, 12, 0)    144 3,139,500
  999      (7, 6, 2, -7, -8)     (15, 14, 10, 1, 0)    144 4,804,625
 1000     (8, 3, 2, -2, -11)     (19, 14, 13, 9, 0)    144 8,895,250
 1001     (8, 4, 0, -1, -11)    (19, 15, 11, 10, 0)    144 8,633,625
 1002     (8, 4, 2, -4, -10)     (18, 14, 12, 6, 0)    144 16,035,250
 1003      (8, 4, 3, -7, -8)     (16, 12, 11, 1, 0)    144 4,879,875
 1004      (8, 6, 0, -6, -8)      (16, 14, 8, 2, 0)    144 12,390,875
 1005     (8, 7, -3, -4, -8)      (16, 15, 5, 4, 0)    144 4,879,875
 1006     (8, 7, -2, -6, -7)      (15, 14, 5, 1, 0)    144 4,804,625
 1007     (9, 3, 1, -3, -10)     (19, 13, 11, 7, 0)    144 16,744,000
 1008      (9, 3, 2, -5, -9)     (18, 12, 11, 4, 0)    144 12,762,750
 1009     (9, 5, -2, -3, -9)      (18, 14, 7, 6, 0)    144 12,762,750
 1010    (10, 3, -1, -3, -9)      (19, 12, 8, 6, 0)    144 16,744,000
 1011    (10, 4, -2, -4, -8)      (18, 12, 6, 4, 0)    144 16,035,250
 1012     (11, 1, 0, -4, -8)       (19, 9, 8, 4, 0)    144 8,633,625
 1013    (11, 2, -2, -3, -8)      (19, 10, 6, 5, 0)    144 8,895,250
 1014    (12, 0, -2, -3, -7)       (19, 7, 5, 4, 0)    144 3,139,500
 1015    (12, 0, -1, -5, -6)       (18, 6, 5, 1, 0)    144 2,627,625
 1016    (12, 1, -3, -4, -6)       (18, 7, 3, 2, 0)    144 3,108,875
 1017     (6, 5, 4, -5, -10)     (16, 15, 14, 5, 0)    143 3,225,600
 1018     (7, 5, 1, -2, -11)     (18, 16, 12, 9, 0)    143 10,533,600
 1019      (7, 5, 3, -6, -9)     (16, 14, 12, 3, 0)    143 7,425,600
 1020     (8, 5, 0, -3, -10)     (18, 15, 10, 7, 0)    143 17,740,800
 1021     (8, 6, -1, -4, -9)      (17, 15, 8, 5, 0)    143 14,968,800
 1022      (9, 1, 1, 0, -11)    (20, 12, 12, 11, 0)    143 1,360,800
 1023      (9, 4, 1, -6, -8)      (17, 12, 9, 2, 0)    143 14,968,800
 1024     (9, 6, -3, -5, -7)      (16, 13, 4, 2, 0)    143 7,425,600
 1025    (10, 1, 0, -1, -10)     (20, 11, 10, 9, 0)    143 3,763,200
 1026     (10, 3, 0, -5, -8)      (18, 11, 8, 3, 0)    143 17,740,800
 1027    (10, 5, -4, -5, -6)      (16, 11, 2, 1, 0)    143 3,225,600
 1028    (11, 0, -1, -1, -9)       (20, 9, 8, 8, 0)    143 1,360,800
 1029    (11, 2, -1, -5, -7)       (18, 9, 6, 2, 0)    143 10,533,600
 1030     (5, 5, 3, -1, -12)    (17, 17, 15, 11, 0)    142 1,285,200
 1031     (6, 5, 3, -3, -11)     (17, 16, 14, 8, 0)    142 5,027,400
 1032      (7, 3, 1, 1, -12)    (19, 15, 13, 13, 0)    142 1,304,100
 1033      (7, 7, 0, -6, -8)      (15, 15, 8, 2, 0)    142 4,309,200
 1034     (8, 3, 3, -4, -10)     (18, 13, 13, 6, 0)    142 5,821,200
 1035      (8, 5, 1, -5, -9)     (17, 14, 10, 4, 0)    142 17,992,800
 1036      (8, 6, 0, -7, -7)      (15, 13, 7, 0, 0)    142 4,309,200
 1037     (9, 2, 2, -3, -10)     (19, 12, 12, 7, 0)    142 6,085,800
 1038     (9, 5, -1, -5, -8)      (17, 13, 7, 3, 0)    142 17,992,800
 1039    (10, 3, -2, -2, -9)      (19, 12, 7, 7, 0)    142 6,085,800
 1040    (10, 4, -3, -3, -8)      (18, 12, 5, 5, 0)    142 5,821,200
 1041    (11, 3, -3, -5, -6)       (17, 9, 3, 1, 0)    142 5,027,400
 1042   (12, -1, -1, -3, -7)       (19, 6, 6, 4, 0)    142 1,304,100
 1043    (12, 1, -3, -5, -5)       (17, 6, 2, 0, 0)    142 1,285,200
 1044     (6, 6, 1, -2, -11)     (17, 17, 12, 9, 0)    141 3,773,000
 1045      (6, 6, 3, -6, -9)     (15, 15, 12, 3, 0)    141 2,793,000
 1046      (7, 4, 4, -6, -9)     (16, 13, 13, 3, 0)    141 2,816,000
 1047     (7, 7, -1, -4, -9)      (16, 16, 8, 5, 0)    141 5,187,000
 1048      (9, 4, 0, -4, -9)      (18, 13, 9, 5, 0)    141 21,296,000
 1049      (9, 4, 1, -7, -7)      (16, 11, 8, 0, 0)    141 5,187,000
 1050     (9, 6, -4, -4, -7)      (16, 13, 3, 3, 0)    141 2,816,000
 1051     (9, 6, -3, -6, -6)      (15, 12, 3, 0, 0)    141 2,793,000
 1052    (11, 2, -1, -6, -6)       (17, 8, 5, 0, 0)    141 3,773,000
 1053     (5, 4, 4, -1, -12)    (17, 16, 16, 11, 0)    140  678,699
 1054     (5, 5, 5, -5, -10)     (15, 15, 15, 5, 0)    140  415,701
 1055      (6, 4, 2, 0, -12)    (18, 16, 14, 12, 0)    140 2,640,924
 1056     (6, 4, 4, -3, -11)     (17, 15, 15, 8, 0)    140 2,082,024
 1057      (7, 2, 2, 1, -12)    (19, 14, 14, 13, 0)    140  689,724
 1058     (7, 5, 0, -1, -11)    (18, 16, 11, 10, 0)    140 5,917,626
 1059     (7, 5, 2, -4, -10)     (17, 15, 12, 6, 0)    140 11,647,251
 1060      (7, 5, 3, -7, -8)     (15, 13, 11, 1, 0)    140 3,879,876
 1061     (7, 6, 0, -3, -10)     (17, 16, 10, 7, 0)    140 9,585,576
 1062      (7, 7, 0, -7, -7)      (14, 14, 7, 0, 0)    140 1,498,176
 1063     (8, 3, 1, -1, -11)    (19, 14, 12, 10, 0)    140 7,316,001
 1064    (8, 5, -1, -2, -10)      (18, 15, 9, 8, 0)    140 9,810,801
 1065     (8, 6, -2, -3, -9)      (17, 15, 7, 6, 0)    140 8,251,551
 1066     (8, 7, -3, -5, -7)      (15, 14, 4, 2, 0)    140 3,879,876
 1067     (9, 3, 0, -2, -10)     (19, 13, 10, 8, 0)    140 12,496,176
 1068      (9, 3, 2, -6, -8)     (17, 11, 10, 2, 0)    140 8,251,551
 1069     (10, 0, 0, 0, -10)    (20, 10, 10, 10, 0)    140  490,776
 1070     (10, 2, 0, -3, -9)      (19, 11, 9, 6, 0)    140 12,496,176
 1071     (10, 2, 1, -5, -8)      (18, 10, 9, 3, 0)    140 9,810,801
 1072     (10, 3, 0, -6, -7)      (17, 10, 7, 1, 0)    140 9,585,576
 1073    (10, 4, -2, -5, -7)      (17, 11, 5, 2, 0)    140 11,647,251
 1074    (10, 5, -5, -5, -5)      (15, 10, 0, 0, 0)    140  415,701
 1075    (11, 1, -1, -3, -8)       (19, 9, 7, 5, 0)    140 7,316,001
 1076     (11, 1, 0, -5, -7)       (18, 8, 7, 2, 0)    140 5,917,626
 1077    (11, 3, -4, -4, -6)       (17, 9, 2, 2, 0)    140 2,082,024
 1078   (12, -1, -2, -2, -7)       (19, 6, 5, 5, 0)    140  689,724
 1079    (12, 0, -2, -4, -6)       (18, 6, 4, 2, 0)    140 2,640,924
 1080    (12, 1, -4, -4, -5)       (17, 6, 1, 1, 0)    140  678,699
 1081     (7, 4, 2, -2, -11)     (18, 15, 13, 9, 0)    139 8,316,000
 1082      (7, 6, 1, -5, -9)     (16, 15, 10, 4, 0)    139 9,828,000
 1083     (9, 5, -1, -6, -7)      (16, 12, 6, 1, 0)    139 9,828,000
 1084    (11, 2, -2, -4, -7)       (18, 9, 5, 3, 0)    139 8,316,000
 1085      (5, 5, 2, 0, -12)    (17, 17, 14, 12, 0)    138 1,019,200
 1086     (5, 5, 4, -3, -11)     (16, 16, 15, 8, 0)    138 1,065,900
 1087      (6, 3, 3, 0, -12)    (18, 15, 15, 12, 0)    138 1,093,950
 1088      (6, 4, 1, 1, -12)    (18, 16, 13, 13, 0)    138 1,024,100
 1089      (6, 5, 4, -6, -9)     (15, 14, 13, 3, 0)    138 2,309,450
 1090     (6, 6, 0, -1, -11)    (17, 17, 11, 10, 0)    138 2,102,100
 1091     (6, 6, 2, -4, -10)     (16, 16, 12, 6, 0)    138 4,236,050
 1092      (6, 6, 3, -7, -8)     (14, 14, 11, 1, 0)    138 1,458,600
 1093      (7, 4, 4, -7, -8)     (15, 12, 12, 1, 0)    138 1,469,650
 1094     (7, 7, -2, -3, -9)      (16, 16, 7, 6, 0)    138 2,852,850
 1095     (8, 2, 2, -1, -11)    (19, 13, 13, 10, 0)    138 2,833,600
 1096      (8, 3, 0, 0, -11)    (19, 14, 11, 11, 0)    138 2,795,650
 1097     (8, 4, 1, -3, -10)     (18, 14, 11, 7, 0)    138 15,315,300
 1098      (8, 4, 2, -5, -9)     (17, 13, 11, 4, 0)    138 12,812,800
 1099      (8, 5, 1, -6, -8)      (16, 13, 9, 2, 0)    138 11,668,800
 1100     (8, 6, -1, -5, -8)      (16, 14, 7, 3, 0)    138 11,668,800
 1101     (8, 7, -4, -4, -7)      (15, 14, 3, 3, 0)    138 1,469,650
 1102     (8, 7, -3, -6, -6)      (14, 13, 3, 0, 0)    138 1,458,600
 1103    (9, 3, -1, -1, -10)      (19, 13, 9, 9, 0)    138 4,604,600
 1104      (9, 3, 2, -7, -7)      (16, 10, 9, 0, 0)    138 2,852,850
 1105     (9, 5, -2, -4, -8)      (17, 13, 6, 4, 0)    138 12,812,800
 1106     (9, 6, -4, -5, -6)      (15, 12, 2, 1, 0)    138 2,309,450
 1107     (10, 1, 1, -3, -9)     (19, 10, 10, 6, 0)    138 4,604,600
 1108    (10, 3, -1, -4, -8)      (18, 11, 7, 4, 0)    138 15,315,300
 1109    (10, 4, -2, -6, -6)      (16, 10, 4, 0, 0)    138 4,236,050
 1110     (11, 0, 0, -3, -8)       (19, 8, 8, 5, 0)    138 2,795,650
 1111    (11, 1, -2, -2, -8)       (19, 9, 6, 6, 0)    138 2,833,600
 1112     (11, 1, 0, -6, -6)       (17, 7, 6, 0, 0)    138 2,102,100
 1113    (11, 3, -4, -5, -5)       (16, 8, 1, 0, 0)    138 1,065,900
 1114   (12, -1, -1, -4, -6)       (18, 5, 5, 2, 0)    138 1,024,100
 1115    (12, 0, -3, -3, -6)       (18, 6, 3, 3, 0)    138 1,093,950
 1116    (12, 0, -2, -5, -5)       (17, 5, 3, 0, 0)    138 1,019,200
 1117     (7, 3, 3, -2, -11)     (18, 14, 14, 9, 0)    137 3,141,600
 1118     (7, 4, 3, -4, -10)     (17, 14, 13, 6, 0)    137 6,997,200
 1119    (7, 6, -1, -2, -10)      (17, 16, 9, 8, 0)    137 5,266,800
 1120     (9, 2, 1, -2, -10)     (19, 12, 11, 8, 0)    137 7,534,800
 1121      (9, 3, 1, -4, -9)     (18, 12, 10, 5, 0)    137 14,968,800
 1122     (9, 4, -1, -3, -9)      (18, 13, 8, 6, 0)    137 14,968,800
 1123    (10, 2, -1, -2, -9)      (19, 11, 8, 7, 0)    137 7,534,800
 1124     (10, 2, 1, -6, -7)       (17, 9, 8, 1, 0)    137 5,266,800
 1125    (10, 4, -3, -4, -7)      (17, 11, 4, 3, 0)    137 6,997,200
 1126    (11, 2, -3, -3, -7)       (18, 9, 4, 4, 0)    137 3,141,600
 1127      (5, 5, 1, 1, -12)    (17, 17, 13, 13, 0)    136  385,875
 1128     (6, 5, 2, -2, -11)     (17, 16, 13, 9, 0)    136 4,937,625
 1129     (7, 7, -1, -5, -8)      (15, 15, 7, 3, 0)    136 4,039,875
 1130      (8, 3, 3, -5, -9)     (17, 12, 12, 4, 0)    136 4,630,500
 1131      (8, 5, 0, -4, -9)      (17, 14, 9, 5, 0)    136 16,198,875
 1132      (8, 5, 1, -7, -7)      (15, 12, 8, 0, 0)    136 4,039,875
 1133      (9, 4, 0, -5, -8)      (17, 12, 8, 3, 0)    136 16,198,875
 1134     (9, 5, -3, -3, -8)      (17, 13, 5, 5, 0)    136 4,630,500
 1135    (11, 2, -2, -5, -6)       (17, 8, 4, 1, 0)    136 4,937,625
 1136   (12, -1, -1, -5, -5)       (17, 4, 4, 0, 0)    136  385,875
 1137      (5, 4, 3, 0, -12)    (17, 16, 15, 12, 0)    135  940,576
 1138      (5, 5, 5, -6, -9)     (14, 14, 14, 3, 0)    135  297,024
 1139      (6, 3, 2, 1, -12)    (18, 15, 14, 13, 0)    135  946,176
 1140      (6, 5, 4, -7, -8)     (14, 13, 12, 1, 0)    135 1,204,224
 1141     (7, 4, 1, -1, -11)    (18, 15, 12, 10, 0)    135 6,261,024
 1142      (7, 6, 1, -6, -8)      (15, 14, 9, 2, 0)    135 6,366,976
 1143      (8, 2, 1, 0, -11)    (19, 13, 12, 11, 0)    135 2,380,224
 1144     (8, 3, 2, -3, -10)     (18, 13, 12, 7, 0)    135 8,830,976
 1145     (8, 6, -1, -6, -7)      (15, 13, 6, 1, 0)    135 6,366,976
 1146     (8, 7, -4, -5, -6)      (14, 13, 2, 1, 0)    135 1,204,224
 1147      (9, 2, 2, -4, -9)     (18, 11, 11, 5, 0)    135 5,381,376
 1148     (9, 4, -2, -2, -9)      (18, 13, 7, 7, 0)    135 5,381,376
 1149     (9, 6, -5, -5, -5)      (14, 11, 0, 0, 0)    135  297,024
 1150    (10, 3, -2, -3, -8)      (18, 11, 6, 5, 0)    135 8,830,976
 1151    (11, 0, -1, -2, -8)       (19, 8, 7, 6, 0)    135 2,380,224
 1152    (11, 1, -1, -4, -7)       (18, 8, 6, 3, 0)    135 6,261,024
 1153   (12, -1, -2, -3, -6)       (18, 5, 4, 3, 0)    135  946,176
 1154    (12, 0, -3, -4, -5)       (17, 5, 2, 1, 0)    135  940,576
 1155     (6, 5, 3, -4, -10)     (16, 15, 13, 6, 0)    134 4,504,500
 1156     (7, 5, 1, -3, -10)     (17, 15, 11, 7, 0)    134 10,647,000
 1157      (7, 5, 2, -5, -9)     (16, 14, 11, 4, 0)    134 9,282,000
 1158     (8, 4, 0, -2, -10)     (18, 14, 10, 8, 0)    134 10,939,500
 1159      (8, 4, 2, -6, -8)     (16, 12, 10, 2, 0)    134 8,262,000
 1160     (8, 6, -2, -4, -8)      (16, 14, 6, 4, 0)    134 8,262,000
 1161     (9, 2, 0, -1, -10)     (19, 12, 10, 9, 0)    134 4,933,500
 1162     (9, 5, -2, -5, -7)      (16, 12, 5, 2, 0)    134 9,282,000
 1163     (10, 1, 0, -2, -9)      (19, 10, 9, 7, 0)    134 4,933,500
 1164     (10, 2, 0, -4, -8)      (18, 10, 8, 4, 0)    134 10,939,500
 1165    (10, 3, -1, -5, -7)      (17, 10, 6, 2, 0)    134 10,647,000
 1166    (10, 4, -3, -5, -6)      (16, 10, 3, 1, 0)    134 4,504,500
 1167     (6, 4, 3, -2, -11)     (17, 15, 14, 9, 0)    133 3,326,400
 1168      (7, 4, 0, 0, -11)    (18, 15, 11, 11, 0)    133 2,316,600
 1169      (7, 6, 0, -4, -9)      (16, 15, 9, 5, 0)    133 8,731,800
 1170      (7, 6, 1, -7, -7)      (14, 13, 8, 0, 0)    133 2,203,200
 1171     (7, 7, -1, -6, -7)      (14, 14, 6, 1, 0)    133 2,203,200
 1172      (9, 4, 0, -6, -7)      (16, 11, 7, 1, 0)    133 8,731,800
 1173     (11, 0, 0, -4, -7)       (18, 7, 7, 3, 0)    133 2,316,600
 1174    (11, 2, -3, -4, -6)       (17, 8, 3, 2, 0)    133 3,326,400
 1175      (4, 4, 4, 0, -12)    (16, 16, 16, 12, 0)    132  129,675
 1176      (5, 4, 2, 1, -12)    (17, 16, 14, 13, 0)    132  651,700
 1177      (5, 5, 5, -7, -8)     (13, 13, 13, 1, 0)    132  154,700
 1178      (6, 2, 2, 2, -12)    (18, 14, 14, 14, 0)    132  130,900
 1179     (6, 4, 4, -4, -10)     (16, 14, 14, 6, 0)    132 1,856,400
 1180     (6, 5, 1, -1, -11)    (17, 16, 12, 10, 0)    132 3,584,350
 1181     (6, 6, 1, -3, -10)     (16, 16, 11, 7, 0)    132 3,803,800
 1182      (6, 6, 2, -5, -9)     (15, 15, 11, 4, 0)    132 3,371,550
 1183     (7, 3, 2, -1, -11)    (18, 14, 13, 10, 0)    132 3,959,725
 1184     (7, 7, -2, -4, -8)      (15, 15, 6, 4, 0)    132 2,852,850
 1185      (8, 1, 1, 1, -11)    (19, 12, 12, 12, 0)    132  313,950
 1186      (8, 3, 3, -6, -8)     (16, 11, 11, 2, 0)    132 2,977,975
 1187    (8, 4, -1, -1, -10)      (18, 14, 9, 9, 0)    132 3,959,725
 1188      (8, 4, 2, -7, -7)      (15, 11, 9, 0, 0)    132 2,852,850
 1189     (8, 5, -1, -3, -9)      (17, 14, 8, 6, 0)    132 11,224,675
 1190     (8, 6, -3, -3, -8)      (16, 14, 5, 5, 0)    132 2,977,975
 1191     (8, 7, -5, -5, -5)      (13, 12, 0, 0, 0)    132  154,700
 1192     (9, 1, 1, -1, -10)     (19, 11, 11, 9, 0)    132 2,040,675
 1193      (9, 3, 0, -3, -9)      (18, 12, 9, 6, 0)    132 13,043,800
 1194      (9, 3, 1, -5, -8)      (17, 11, 9, 3, 0)    132 11,224,675
 1195     (9, 5, -2, -6, -6)      (15, 11, 4, 0, 0)    132 3,371,550
 1196    (10, 1, -1, -1, -9)      (19, 10, 8, 8, 0)    132 2,040,675
 1197     (10, 1, 1, -4, -8)       (18, 9, 9, 4, 0)    132 3,959,725
 1198    (10, 3, -1, -6, -6)       (16, 9, 5, 0, 0)    132 3,803,800
 1199    (10, 4, -4, -4, -6)      (16, 10, 2, 2, 0)    132 1,856,400
 1200   (11, -1, -1, -1, -8)       (19, 7, 7, 7, 0)    132  313,950
 1201    (11, 1, -2, -3, -7)       (18, 8, 5, 4, 0)    132 3,959,725
 1202    (11, 1, -1, -5, -6)       (17, 7, 5, 1, 0)    132 3,584,350
 1203   (12, -2, -2, -2, -6)       (18, 4, 4, 4, 0)    132  130,900
 1204   (12, -1, -2, -4, -5)       (17, 4, 3, 1, 0)    132  651,700
 1205    (12, 0, -4, -4, -4)       (16, 4, 0, 0, 0)    132  129,675
 1206     (5, 5, 3, -2, -11)     (16, 16, 14, 9, 0)    131 1,368,000
 1207      (7, 4, 3, -5, -9)     (16, 13, 12, 4, 0)    131 5,544,000
 1208      (8, 4, 1, -4, -9)     (17, 13, 10, 5, 0)    131 13,608,000
 1209      (8, 5, 0, -5, -8)      (16, 13, 8, 3, 0)    131 12,288,000
 1210     (9, 4, -1, -4, -8)      (17, 12, 7, 4, 0)    131 13,608,000
 1211     (9, 5, -3, -4, -7)      (16, 12, 4, 3, 0)    131 5,544,000
 1212    (11, 2, -3, -5, -5)       (16, 7, 2, 0, 0)    131 1,368,000
 1213      (5, 3, 3, 1, -12)    (17, 15, 15, 13, 0)    130  314,874
 1214     (5, 5, 4, -4, -10)     (15, 15, 14, 6, 0)    130  948,024
 1215      (6, 5, 0, 0, -11)    (17, 16, 11, 11, 0)    130 1,307,124
 1216     (7, 4, 2, -3, -10)     (17, 14, 12, 7, 0)    130 8,186,724
 1217     (7, 5, 0, -2, -10)     (17, 15, 10, 8, 0)    130 7,440,174
 1218      (7, 5, 2, -6, -8)     (15, 13, 10, 2, 0)    130 5,975,424
 1219     (7, 7, -3, -3, -8)      (15, 15, 5, 5, 0)    130 1,027,026
 1220     (8, 3, 1, -2, -10)     (18, 13, 11, 8, 0)    130 8,432,424
 1221      (8, 3, 3, -7, -7)     (15, 10, 10, 0, 0)    130 1,027,026
 1222     (8, 5, -2, -2, -9)      (17, 14, 7, 7, 0)    130 4,009,824
 1223     (8, 6, -2, -5, -7)      (15, 13, 5, 2, 0)    130 5,975,424
 1224      (9, 1, 0, 0, -10)    (19, 11, 10, 10, 0)    130 1,051,974
 1225      (9, 2, 2, -5, -8)     (17, 10, 10, 3, 0)    130 4,009,824
 1226     (10, 0, 0, -1, -9)       (19, 9, 9, 8, 0)    130 1,051,974
 1227    (10, 2, -1, -3, -8)      (18, 10, 7, 5, 0)    130 8,432,424
 1228     (10, 2, 0, -5, -7)       (17, 9, 7, 2, 0)    130 7,440,174
 1229    (10, 3, -2, -4, -7)      (17, 10, 5, 3, 0)    130 8,186,724
 1230    (10, 4, -4, -5, -5)       (15, 9, 1, 0, 0)    130  948,024
 1231     (11, 0, 0, -5, -6)       (17, 6, 6, 1, 0)    130 1,307,124
 1232   (12, -1, -3, -3, -5)       (17, 4, 2, 2, 0)    130  314,874
 1233     (5, 4, 4, -2, -11)     (16, 15, 15, 9, 0)    129  714,000
 1234      (7, 3, 1, 0, -11)    (18, 14, 12, 11, 0)    129 2,618,000
 1235     (7, 6, -1, -3, -9)      (16, 15, 8, 6, 0)    129 6,006,000
 1236      (9, 2, 1, -3, -9)     (18, 11, 10, 6, 0)    129 7,546,000
 1237     (9, 3, -1, -2, -9)      (18, 12, 8, 7, 0)    129 7,546,000
 1238      (9, 3, 1, -6, -7)      (16, 10, 8, 1, 0)    129 6,006,000
 1239    (11, 0, -1, -3, -7)       (18, 7, 6, 4, 0)    129 2,618,000
 1240    (11, 2, -4, -4, -5)       (16, 7, 1, 1, 0)    129  714,000
 1241      (4, 4, 3, 1, -12)    (16, 16, 15, 13, 0)    128  169,575
 1242      (5, 3, 2, 2, -12)    (17, 15, 14, 14, 0)    128  170,100
 1243     (6, 4, 2, -1, -11)    (17, 15, 13, 10, 0)    128 3,274,425
 1244      (6, 5, 3, -5, -9)     (15, 14, 12, 4, 0)    128 3,561,075
 1245     (6, 6, 0, -2, -10)     (16, 16, 10, 8, 0)    128 2,633,400
 1246      (6, 6, 2, -6, -8)     (14, 14, 10, 2, 0)    128 2,168,775
 1247     (7, 3, 3, -3, -10)     (17, 13, 13, 7, 0)    128 3,057,600
 1248    (7, 5, -1, -1, -10)      (17, 15, 9, 9, 0)    128 2,668,050
 1249      (7, 5, 2, -7, -7)      (14, 12, 9, 0, 0)    128 2,061,675
 1250      (7, 6, 0, -5, -8)      (15, 14, 8, 3, 0)    128 6,613,425
 1251     (7, 7, -2, -5, -7)      (14, 14, 5, 2, 0)    128 2,061,675
 1252     (8, 2, 2, -2, -10)     (18, 12, 12, 8, 0)    128 3,153,150
 1253      (8, 3, 2, -4, -9)     (17, 12, 11, 5, 0)    128 7,739,550
 1254      (8, 5, 0, -6, -7)      (15, 12, 7, 1, 0)    128 6,613,425
 1255     (8, 6, -2, -6, -6)      (14, 12, 4, 0, 0)    128 2,168,775
 1256     (9, 4, -2, -3, -8)      (17, 12, 6, 5, 0)    128 7,739,550
 1257     (9, 5, -3, -5, -6)      (15, 11, 3, 1, 0)    128 3,561,075
 1258     (10, 1, 1, -5, -7)       (17, 8, 8, 2, 0)    128 2,668,050
 1259    (10, 2, -2, -2, -8)      (18, 10, 6, 6, 0)    128 3,153,150
 1260     (10, 2, 0, -6, -6)       (16, 8, 6, 0, 0)    128 2,633,400
 1261    (10, 3, -3, -3, -7)      (17, 10, 4, 4, 0)    128 3,057,600
 1262    (11, 1, -2, -4, -6)       (17, 7, 4, 2, 0)    128 3,274,425
 1263   (12, -2, -2, -3, -5)       (17, 3, 3, 2, 0)    128  170,100
 1264   (12, -1, -3, -4, -4)       (16, 3, 1, 0, 0)    128  169,575
 1265     (6, 5, 2, -3, -10)     (16, 15, 12, 7, 0)    127 4,838,400
 1266      (7, 2, 2, 0, -11)    (18, 13, 13, 11, 0)    127 1,108,800
 1267      (7, 4, 3, -6, -8)     (15, 12, 11, 2, 0)    127 3,556,800
 1268      (7, 5, 1, -4, -9)     (16, 14, 10, 5, 0)    127 9,424,800
 1269     (7, 6, -2, -2, -9)      (16, 15, 7, 7, 0)    127 2,138,400
 1270     (8, 3, 0, -1, -10)     (18, 13, 10, 9, 0)    127 5,068,800
 1271     (8, 6, -3, -4, -7)      (15, 13, 4, 3, 0)    127 3,556,800
 1272      (9, 2, 2, -6, -7)       (16, 9, 9, 1, 0)    127 2,138,400
 1273     (9, 4, -1, -5, -7)      (16, 11, 6, 2, 0)    127 9,424,800
 1274     (10, 1, 0, -3, -8)       (18, 9, 8, 5, 0)    127 5,068,800
 1275    (10, 3, -2, -5, -6)       (16, 9, 4, 1, 0)    127 4,838,400
 1276    (11, 0, -2, -2, -7)       (18, 7, 5, 5, 0)    127 1,108,800
 1277      (4, 4, 2, 2, -12)    (16, 16, 14, 14, 0)    126   76,000
 1278     (5, 5, 2, -1, -11)    (16, 16, 13, 10, 0)    126 1,254,000
 1279     (6, 3, 3, -1, -11)    (17, 14, 14, 10, 0)    126 1,309,000
 1280      (6, 4, 4, -5, -9)     (15, 13, 13, 4, 0)    126 1,463,000
 1281    (6, 6, -1, -1, -10)      (16, 16, 9, 9, 0)    126  940,500
 1282      (6, 6, 2, -7, -7)      (13, 13, 9, 0, 0)    126  748,000
 1283     (7, 7, -2, -6, -6)      (13, 13, 4, 0, 0)    126  748,000
 1284      (8, 4, 0, -3, -9)      (17, 13, 9, 6, 0)    126 11,319,000
 1285      (8, 4, 1, -5, -8)      (16, 12, 9, 3, 0)    126 10,164,000
 1286     (8, 5, -1, -4, -8)      (16, 13, 7, 4, 0)    126 10,164,000
 1287      (9, 3, 0, -4, -8)      (17, 11, 8, 4, 0)    126 11,319,000
 1288     (9, 5, -4, -4, -6)      (15, 11, 2, 2, 0)    126 1,463,000
 1289     (10, 1, 1, -6, -6)       (16, 7, 7, 0, 0)    126  940,500
 1290    (11, 1, -3, -3, -6)       (17, 7, 3, 3, 0)    126 1,309,000
 1291    (11, 1, -2, -5, -5)       (16, 6, 3, 0, 0)    126 1,254,000
 1292   (12, -2, -2, -4, -4)       (16, 2, 2, 0, 0)    126   76,000
 1293      (6, 4, 1, 0, -11)    (17, 15, 12, 11, 0)    125 2,000,376
 1294      (6, 6, 1, -4, -9)     (15, 15, 10, 5, 0)    125 3,361,176
 1295      (7, 2, 1, 1, -11)    (18, 13, 12, 12, 0)    125  576,576
 1296     (7, 4, 1, -2, -10)     (17, 14, 11, 8, 0)    125 7,128,576
 1297      (7, 4, 3, -7, -7)     (14, 11, 10, 0, 0)    125 1,225,224
 1298      (7, 6, 0, -6, -7)      (14, 13, 7, 1, 0)    125 3,556,224
 1299     (7, 7, -3, -4, -7)      (14, 14, 4, 3, 0)    125 1,225,224
 1300      (9, 2, 0, -2, -9)      (18, 11, 9, 7, 0)    125 6,261,024
 1301     (9, 4, -1, -6, -6)      (15, 10, 5, 0, 0)    125 3,361,176
 1302    (10, 2, -1, -4, -7)       (17, 9, 6, 3, 0)    125 7,128,576
 1303   (11, -1, -1, -2, -7)       (18, 6, 6, 5, 0)    125  576,576
 1304    (11, 0, -1, -4, -6)       (17, 6, 5, 2, 0)    125 2,000,376
 1305      (4, 3, 3, 2, -12)    (16, 15, 15, 14, 0)    124   57,375
 1306      (5, 5, 4, -5, -9)     (14, 14, 13, 4, 0)    124  745,875
 1307     (6, 4, 3, -3, -10)     (16, 14, 13, 7, 0)    124 3,213,000
 1308      (6, 5, 3, -6, -8)     (14, 13, 11, 2, 0)    124 2,281,500
 1309     (8, 2, 1, -1, -10)     (18, 12, 11, 9, 0)    124 3,378,375
 1310     (8, 6, -3, -5, -6)      (14, 12, 3, 1, 0)    124 2,281,500
 1311     (9, 5, -4, -5, -5)      (14, 10, 1, 0, 0)    124  745,875
 1312    (10, 1, -1, -2, -8)       (18, 9, 7, 6, 0)    124 3,378,375
 1313    (10, 3, -3, -4, -6)       (16, 9, 3, 2, 0)    124 3,213,000
 1314   (12, -2, -3, -3, -4)       (16, 2, 1, 1, 0)    124   57,375
 1315     (5, 4, 3, -1, -11)    (16, 15, 14, 10, 0)    123 1,108,800
 1316      (5, 5, 1, 0, -11)    (16, 16, 12, 11, 0)    123  744,800
 1317      (7, 4, 2, -4, -9)     (16, 13, 11, 5, 0)    123 7,134,400
 1318     (7, 6, -1, -4, -8)      (15, 14, 7, 4, 0)    123 5,426,400
 1319      (8, 3, 2, -5, -8)     (16, 11, 10, 3, 0)    123 5,734,400
 1320     (8, 4, -1, -2, -9)      (17, 13, 8, 7, 0)    123 6,406,400
 1321      (8, 4, 1, -6, -7)      (15, 11, 8, 1, 0)    123 5,426,400
 1322     (8, 5, -2, -3, -8)      (16, 13, 6, 5, 0)    123 5,734,400
 1323      (9, 1, 1, -2, -9)     (18, 10, 10, 7, 0)    123 2,402,400
 1324     (9, 2, -1, -1, -9)      (18, 11, 8, 8, 0)    123 2,402,400
 1325      (9, 2, 1, -4, -8)      (17, 10, 9, 4, 0)    123 6,406,400
 1326     (9, 4, -2, -4, -7)      (16, 11, 5, 3, 0)    123 7,134,400
 1327    (11, 0, -1, -5, -5)       (16, 5, 4, 0, 0)    123  744,800
 1328    (11, 1, -3, -4, -5)       (16, 6, 2, 1, 0)    123 1,108,800
 1329     (5, 5, 3, -3, -10)     (15, 15, 13, 7, 0)    122 1,316,700
 1330      (6, 3, 2, 0, -11)    (17, 14, 13, 11, 0)    122 1,445,850
 1331      (6, 4, 4, -6, -8)     (14, 12, 12, 2, 0)    122  935,550
 1332     (6, 5, 1, -2, -10)     (16, 15, 11, 8, 0)    122 4,054,050
 1333      (6, 5, 3, -7, -7)     (13, 12, 10, 0, 0)    122  785,400
 1334     (7, 3, 2, -2, -10)     (17, 13, 12, 8, 0)    122 4,321,800
 1335     (7, 4, 0, -1, -10)     (17, 14, 10, 9, 0)    122 4,123,350
 1336      (7, 5, 0, -3, -9)      (16, 14, 9, 6, 0)    122 7,657,650
 1337      (7, 5, 1, -5, -8)      (15, 13, 9, 3, 0)    122 7,022,400
 1338     (7, 7, -3, -5, -6)      (13, 13, 3, 1, 0)    122  785,400
 1339      (8, 2, 0, 0, -10)    (18, 12, 10, 10, 0)    122 1,397,550
 1340      (8, 3, 1, -3, -9)     (17, 12, 10, 6, 0)    122 8,334,900
 1341     (8, 5, -1, -5, -7)      (15, 12, 6, 2, 0)    122 7,022,400
 1342     (8, 6, -4, -4, -6)      (14, 12, 2, 2, 0)    122  935,550
 1343     (9, 3, -1, -3, -8)      (17, 11, 7, 5, 0)    122 8,334,900
 1344      (9, 3, 0, -5, -7)      (16, 10, 7, 2, 0)    122 7,657,650
 1345     (10, 0, 0, -2, -8)       (18, 8, 8, 6, 0)    122 1,397,550
 1346     (10, 1, 0, -4, -7)       (17, 8, 7, 3, 0)    122 4,123,350
 1347    (10, 2, -2, -3, -7)       (17, 9, 5, 4, 0)    122 4,321,800
 1348    (10, 2, -1, -5, -6)       (16, 8, 5, 1, 0)    122 4,054,050
 1349    (10, 3, -3, -5, -5)       (15, 8, 2, 0, 0)    122 1,316,700
 1350    (11, 0, -2, -3, -6)       (17, 6, 4, 3, 0)    122 1,445,850
 1351      (7, 3, 3, -4, -9)     (16, 12, 12, 5, 0)    121 2,646,000
 1352     (9, 4, -3, -3, -7)      (16, 11, 4, 4, 0)    121 2,646,000
 1353      (3, 3, 3, 3, -12)    (15, 15, 15, 15, 0)    120    3,876
 1354     (4, 4, 4, -1, -11)    (15, 15, 15, 10, 0)    120  149,226
 1355     (5, 4, 4, -3, -10)     (15, 14, 14, 7, 0)    120  682,176
 1356      (5, 5, 4, -6, -8)     (13, 13, 12, 2, 0)    120  476,476
 1357      (6, 3, 1, 1, -11)    (17, 14, 12, 12, 0)    120  606,424
 1358      (6, 4, 4, -7, -7)     (13, 11, 11, 0, 0)    120  321,776
 1359      (6, 5, 2, -4, -9)     (15, 14, 11, 5, 0)    120 4,203,199
 1360      (6, 6, 0, -3, -9)      (15, 15, 9, 6, 0)    120 2,703,624
 1361      (6, 6, 1, -5, -8)      (14, 14, 9, 3, 0)    120 2,501,499
 1362     (7, 6, -2, -3, -8)      (15, 14, 6, 5, 0)    120 3,048,474
 1363     (7, 7, -4, -4, -6)      (13, 13, 2, 2, 0)    120  321,776
 1364      (8, 1, 1, 0, -10)    (18, 11, 11, 10, 0)    120  726,726
 1365      (8, 2, 2, -3, -9)     (17, 11, 11, 6, 0)    120 3,058,874
 1366      (8, 3, 2, -6, -7)      (15, 10, 9, 1, 0)    120 3,048,474
 1367      (8, 4, 0, -4, -8)      (16, 12, 8, 4, 0)    120 9,765,625
 1368     (8, 5, -1, -6, -6)      (14, 11, 5, 0, 0)    120 2,501,499
 1369     (8, 6, -4, -5, -5)      (13, 11, 1, 0, 0)    120  476,476
 1370      (9, 1, 0, -1, -9)      (18, 10, 9, 8, 0)    120 2,024,451
 1371     (9, 3, -2, -2, -8)      (17, 11, 6, 6, 0)    120 3,058,874
 1372      (9, 3, 0, -6, -6)       (15, 9, 6, 0, 0)    120 2,703,624
 1373     (9, 4, -2, -5, -6)      (15, 10, 4, 1, 0)    120 4,203,199
 1374    (10, 0, -1, -1, -8)       (18, 8, 7, 7, 0)    120  726,726
 1375    (10, 3, -4, -4, -5)       (15, 8, 1, 1, 0)    120  682,176
 1376   (11, -1, -1, -3, -6)       (17, 5, 5, 3, 0)    120  606,424
 1377    (11, 1, -4, -4, -4)       (15, 5, 0, 0, 0)    120  149,226
 1378   (12, -3, -3, -3, -3)       (15, 0, 0, 0, 0)    120    3,876
 1379      (5, 4, 2, 0, -11)    (16, 15, 13, 11, 0)    119  972,000
 1380     (6, 5, 0, -1, -10)     (16, 15, 10, 9, 0)    119 2,304,000
 1381     (7, 5, -1, -2, -9)      (16, 14, 8, 7, 0)    119 4,284,000
 1382      (7, 5, 1, -6, -7)      (14, 12, 8, 1, 0)    119 3,744,000
 1383     (7, 6, -1, -5, -7)      (14, 13, 6, 2, 0)    119 3,744,000
 1384      (9, 2, 1, -5, -7)       (16, 9, 8, 2, 0)    119 4,284,000
 1385     (10, 1, 0, -5, -6)       (16, 7, 6, 1, 0)    119 2,304,000
 1386    (11, 0, -2, -4, -5)       (16, 5, 3, 1, 0)    119  972,000
 1387      (5, 5, 4, -7, -7)     (12, 12, 11, 0, 0)    118  163,800
 1388      (6, 2, 2, 1, -11)    (17, 13, 13, 12, 0)    118  327,600
 1389     (6, 4, 2, -2, -10)     (16, 14, 12, 8, 0)    118 3,534,300
 1390     (7, 3, 1, -1, -10)     (17, 13, 11, 9, 0)    118 3,603,600
 1391      (7, 4, 2, -5, -8)     (15, 12, 10, 3, 0)    118 5,266,800
 1392     (7, 7, -4, -5, -5)      (12, 12, 1, 0, 0)    118  163,800
 1393      (8, 3, 0, -2, -9)      (17, 12, 9, 7, 0)    118 6,306,300
 1394     (8, 5, -2, -4, -7)      (15, 12, 5, 3, 0)    118 5,266,800
 1395      (9, 2, 0, -3, -8)      (17, 10, 8, 5, 0)    118 6,306,300
 1396    (10, 1, -1, -3, -7)       (17, 8, 6, 4, 0)    118 3,603,600
 1397    (10, 2, -2, -4, -6)       (16, 8, 4, 2, 0)    118 3,534,300
 1398   (11, -1, -2, -2, -6)       (17, 5, 4, 4, 0)    118  327,600
 1399      (5, 3, 3, 0, -11)    (16, 14, 14, 11, 0)    117  435,200
 1400      (5, 4, 1, 1, -11)    (16, 15, 12, 12, 0)    117  382,200
 1401      (6, 4, 3, -4, -9)     (15, 13, 12, 5, 0)    117 2,766,400
 1402     (6, 6, -1, -2, -9)      (15, 15, 8, 7, 0)    117 1,504,800
 1403      (6, 6, 1, -6, -7)      (13, 13, 8, 1, 0)    117 1,332,800
 1404      (7, 4, 1, -3, -9)     (16, 13, 10, 6, 0)    117 6,988,800
 1405     (7, 6, -1, -6, -6)      (13, 12, 5, 0, 0)    117 1,332,800
 1406       (9, 0, 0, 0, -9)       (18, 9, 9, 9, 0)    117  266,200
 1407      (9, 2, 1, -6, -6)       (15, 8, 7, 0, 0)    117 1,504,800
 1408     (9, 3, -1, -4, -7)      (16, 10, 6, 3, 0)    117 6,988,800
 1409     (9, 4, -3, -4, -6)      (15, 10, 3, 2, 0)    117 2,766,400
 1410   (11, -1, -1, -4, -5)       (16, 4, 4, 1, 0)    117  382,200
 1411    (11, 0, -3, -3, -5)       (16, 5, 2, 2, 0)    117  435,200
 1412     (5, 5, 2, -2, -10)     (15, 15, 12, 8, 0)    116 1,346,625
 1413     (6, 3, 3, -2, -10)     (16, 13, 13, 8, 0)    116 1,386,000
 1414     (7, 2, 2, -1, -10)     (17, 12, 12, 9, 0)    116 1,414,875
 1415      (7, 3, 0, 0, -10)    (17, 13, 10, 10, 0)    116 1,386,000
 1416      (7, 3, 3, -5, -8)     (15, 11, 11, 3, 0)    116 1,945,125
 1417      (7, 5, 0, -4, -8)      (15, 13, 8, 4, 0)    116 6,583,500
 1418     (8, 3, -1, -1, -9)      (17, 12, 8, 8, 0)    116 2,338,875
 1419      (8, 3, 1, -4, -8)      (16, 11, 9, 4, 0)    116 7,016,625
 1420     (8, 4, -1, -3, -8)      (16, 12, 7, 5, 0)    116 7,016,625
 1421      (8, 4, 0, -5, -7)      (15, 11, 7, 2, 0)    116 6,583,500
 1422     (8, 5, -3, -3, -7)      (15, 12, 4, 4, 0)    116 1,945,125
 1423      (9, 1, 1, -3, -8)       (17, 9, 9, 5, 0)    116 2,338,875
 1424     (10, 0, 0, -3, -7)       (17, 7, 7, 4, 0)    116 1,386,000
 1425    (10, 1, -2, -2, -7)       (17, 8, 5, 5, 0)    116 1,414,875
 1426    (10, 2, -3, -3, -6)       (16, 8, 3, 3, 0)    116 1,386,000
 1427    (10, 2, -2, -5, -5)       (15, 7, 3, 0, 0)    116 1,346,625
 1428      (4, 4, 3, 0, -11)    (15, 15, 14, 11, 0)    115  229,824
 1429      (5, 5, 3, -4, -9)     (14, 14, 12, 5, 0)    115 1,130,976
 1430      (6, 5, 2, -5, -8)     (14, 13, 10, 3, 0)    115 3,096,576
 1431      (7, 4, 2, -6, -7)      (14, 11, 9, 1, 0)    115 2,794,176
 1432     (7, 6, -2, -4, -7)      (14, 13, 5, 3, 0)    115 2,794,176
 1433      (8, 2, 1, -2, -9)     (17, 11, 10, 7, 0)    115 3,852,576
 1434     (8, 5, -2, -5, -6)      (14, 11, 4, 1, 0)    115 3,096,576
 1435     (9, 2, -1, -2, -8)      (17, 10, 7, 6, 0)    115 3,852,576
 1436     (9, 4, -3, -5, -5)       (14, 9, 2, 0, 0)    115 1,130,976
 1437    (11, 0, -3, -4, -4)       (15, 4, 1, 0, 0)    115  229,824
 1438      (5, 3, 2, 1, -11)    (16, 14, 13, 12, 0)    114  386,750
 1439     (6, 4, 1, -1, -10)     (16, 14, 11, 9, 0)    114 2,707,250
 1440      (6, 5, 1, -3, -9)     (15, 14, 10, 6, 0)    114 3,956,750
 1441      (6, 6, 0, -4, -8)      (14, 14, 8, 4, 0)    114 2,320,500
 1442      (7, 3, 2, -3, -9)     (16, 12, 11, 6, 0)    114 4,140,500
 1443      (8, 2, 2, -4, -8)     (16, 10, 10, 4, 0)    114 2,548,000
 1444     (8, 4, -2, -2, -8)      (16, 12, 6, 6, 0)    114 2,548,000
 1445      (8, 4, 0, -6, -6)      (14, 10, 6, 0, 0)    114 2,320,500
 1446     (9, 3, -2, -3, -7)      (16, 10, 5, 4, 0)    114 4,140,500
 1447     (9, 3, -1, -5, -6)       (15, 9, 5, 1, 0)    114 3,956,750
 1448    (10, 1, -1, -4, -6)       (16, 7, 5, 2, 0)    114 2,707,250
 1449   (11, -1, -2, -3, -5)       (16, 4, 3, 2, 0)    114  386,750
 1450     (5, 4, 3, -2, -10)     (15, 14, 13, 8, 0)    113 1,162,800
 1451      (5, 4, 4, -4, -9)     (14, 13, 13, 5, 0)    113  583,200
 1452      (7, 2, 1, 0, -10)    (17, 12, 11, 10, 0)    113 1,201,200
 1453      (7, 3, 3, -6, -7)     (14, 10, 10, 1, 0)    113 1,029,600
 1454      (7, 4, 0, -2, -9)      (16, 13, 9, 7, 0)    113 5,068,800
 1455     (7, 6, -3, -3, -7)      (14, 13, 4, 4, 0)    113 1,029,600
 1456      (9, 2, 0, -4, -7)       (16, 9, 7, 3, 0)    113 5,068,800
 1457     (9, 4, -4, -4, -5)       (14, 9, 1, 1, 0)    113  583,200
 1458    (10, 0, -1, -2, -7)       (17, 7, 6, 5, 0)    113 1,201,200
 1459    (10, 2, -3, -4, -5)       (15, 7, 2, 1, 0)    113 1,162,800
 1460      (4, 4, 2, 1, -11)    (15, 15, 13, 12, 0)    112  166,725
 1461     (5, 5, 1, -1, -10)     (15, 15, 11, 9, 0)    112 1,000,350
 1462      (6, 4, 0, 0, -10)    (16, 14, 10, 10, 0)    112 1,009,800
 1463      (6, 4, 3, -5, -8)     (14, 12, 11, 3, 0)    112 2,027,025
 1464      (6, 5, 2, -6, -7)      (13, 12, 9, 1, 0)    112 1,640,925
 1465     (7, 5, -1, -3, -8)      (15, 13, 7, 5, 0)    112 4,668,300
 1466      (7, 5, 0, -5, -7)      (14, 12, 7, 2, 0)    112 4,428,675
 1467     (7, 6, -2, -5, -6)      (13, 12, 4, 1, 0)    112 1,640,925
 1468      (8, 2, 0, -1, -9)      (17, 11, 9, 8, 0)    112 2,546,775
 1469      (8, 3, 1, -5, -7)      (15, 10, 8, 2, 0)    112 4,668,300
 1470     (8, 5, -3, -4, -6)      (14, 11, 3, 2, 0)    112 2,027,025
 1471      (9, 1, 0, -2, -8)       (17, 9, 8, 6, 0)    112 2,546,775
 1472     (10, 0, 0, -4, -6)       (16, 6, 6, 2, 0)    112 1,009,800
 1473    (10, 1, -1, -5, -5)       (15, 6, 4, 0, 0)    112 1,000,350
 1474   (11, -1, -2, -4, -4)       (15, 3, 2, 0, 0)    112  166,725
 1475      (5, 2, 2, 2, -11)    (16, 13, 13, 13, 0)    111   56,000
 1476     (6, 3, 2, -1, -10)     (16, 13, 12, 9, 0)    111 1,792,000
 1477     (7, 4, -1, -1, -9)      (16, 13, 8, 8, 0)    111 1,848,000
 1478      (7, 4, 1, -4, -8)      (15, 12, 9, 4, 0)    111 5,852,000
 1479      (8, 3, 0, -3, -8)      (16, 11, 8, 5, 0)    111 6,272,000
 1480     (8, 4, -1, -4, -7)      (15, 11, 6, 3, 0)    111 5,852,000
 1481      (9, 1, 1, -4, -7)       (16, 8, 8, 3, 0)    111 1,848,000
 1482    (10, 1, -2, -3, -6)       (16, 7, 4, 3, 0)    111 1,792,000
 1483   (11, -2, -2, -2, -5)       (16, 3, 3, 3, 0)    111   56,000
 1484      (4, 3, 3, 1, -11)    (15, 14, 14, 12, 0)    110  100,776
 1485     (4, 4, 4, -2, -10)     (14, 14, 14, 8, 0)    110  154,224
 1486      (5, 5, 0, 0, -10)    (15, 15, 10, 10, 0)    110  368,676
 1487      (5, 5, 3, -5, -8)     (13, 13, 11, 3, 0)    110  827,424
 1488      (6, 4, 2, -3, -9)     (15, 13, 11, 6, 0)    110 3,361,176
 1489      (6, 5, 0, -2, -9)      (15, 14, 9, 7, 0)    110 2,813,976
 1490     (6, 6, -1, -3, -8)      (14, 14, 7, 5, 0)    110 1,635,876
 1491      (6, 6, 0, -5, -7)      (13, 13, 7, 2, 0)    110 1,559,376
 1492      (7, 1, 1, 1, -10)    (17, 11, 11, 11, 0)    110  160,524
 1493     (7, 5, -2, -2, -8)      (15, 13, 6, 6, 0)    110 1,685,376
 1494      (7, 5, 0, -6, -6)      (13, 11, 6, 0, 0)    110 1,559,376
 1495      (8, 1, 1, -1, -9)     (17, 10, 10, 8, 0)    110 1,061,424
 1496      (8, 2, 2, -5, -7)       (15, 9, 9, 2, 0)    110 1,685,376
 1497      (8, 3, 1, -6, -6)       (14, 9, 7, 0, 0)    110 1,635,876
 1498     (8, 5, -3, -5, -5)      (13, 10, 2, 0, 0)    110  827,424
 1499     (9, 1, -1, -1, -8)       (17, 9, 7, 7, 0)    110 1,061,424
 1500      (9, 2, 0, -5, -6)       (15, 8, 6, 1, 0)    110 2,813,976
 1501     (9, 3, -2, -4, -6)       (15, 9, 4, 2, 0)    110 3,361,176
 1502   (10, -1, -1, -1, -7)       (17, 6, 6, 6, 0)    110  160,524
 1503     (10, 0, 0, -5, -5)       (15, 5, 5, 0, 0)    110  368,676
 1504    (10, 2, -4, -4, -4)       (14, 6, 0, 0, 0)    110  154,224
 1505   (11, -1, -3, -3, -4)       (15, 3, 1, 1, 0)    110  100,776
 1506      (6, 4, 3, -6, -7)     (13, 11, 10, 1, 0)    109 1,071,000
 1507      (7, 3, 1, -2, -9)     (16, 12, 10, 7, 0)    109 4,032,000
 1508     (7, 6, -3, -4, -6)      (13, 12, 3, 2, 0)    109 1,071,000
 1509     (9, 2, -1, -3, -7)       (16, 9, 6, 4, 0)    109 4,032,000
 1510      (4, 3, 2, 2, -11)    (15, 14, 13, 13, 0)    108   56,525
 1511     (5, 4, 2, -1, -10)     (15, 14, 12, 9, 0)    108 1,187,025
 1512      (5, 4, 4, -5, -8)     (13, 12, 12, 3, 0)    108  425,425
 1513      (5, 5, 2, -3, -9)     (14, 14, 11, 6, 0)    108 1,276,275
 1514      (6, 3, 1, 0, -10)    (16, 13, 11, 10, 0)    108 1,201,200
 1515      (6, 3, 3, -3, -9)     (15, 12, 12, 6, 0)    108 1,303,400
 1516     (6, 5, -1, -1, -9)      (15, 14, 8, 8, 0)    108 1,017,450
 1517      (6, 5, 1, -4, -8)      (14, 13, 9, 4, 0)    108 3,303,300
 1518     (6, 6, -2, -2, -8)      (14, 14, 6, 6, 0)    108  589,050
 1519      (6, 6, 0, -6, -6)      (12, 12, 6, 0, 0)    108  548,800
 1520      (7, 3, 2, -4, -8)     (15, 11, 10, 4, 0)    108 3,421,425
 1521       (8, 1, 0, 0, -9)      (17, 10, 9, 9, 0)    108  550,550
 1522      (8, 2, 1, -3, -8)      (16, 10, 9, 5, 0)    108 3,678,675
 1523      (8, 2, 2, -6, -6)       (14, 8, 8, 0, 0)    108  589,050
 1524     (8, 3, -1, -2, -8)      (16, 11, 7, 6, 0)    108 3,678,675
 1525     (8, 4, -2, -3, -7)      (15, 11, 5, 4, 0)    108 3,421,425
 1526     (8, 4, -1, -5, -6)      (14, 10, 5, 1, 0)    108 3,303,300
 1527     (8, 5, -4, -4, -5)      (13, 10, 1, 1, 0)    108  425,425
 1528      (9, 0, 0, -1, -8)       (17, 8, 8, 7, 0)    108  550,550
 1529      (9, 1, 1, -5, -6)       (15, 7, 7, 1, 0)    108 1,017,450
 1530     (9, 3, -3, -3, -6)       (15, 9, 3, 3, 0)    108 1,303,400
 1531     (9, 3, -2, -5, -5)       (14, 8, 3, 0, 0)    108 1,276,275
 1532    (10, 0, -1, -3, -6)       (16, 6, 5, 3, 0)    108 1,201,200
 1533    (10, 1, -2, -4, -5)       (15, 6, 3, 1, 0)    108 1,187,025
 1534   (11, -2, -2, -3, -4)       (15, 2, 2, 1, 0)    108   56,525
 1535      (5, 5, 3, -6, -7)     (12, 12, 10, 1, 0)    107  436,800
 1536      (7, 2, 2, -2, -9)     (16, 11, 11, 7, 0)    107 1,528,800
 1537      (7, 4, 1, -5, -7)      (14, 11, 8, 2, 0)    107 3,880,800
 1538     (7, 5, -1, -4, -7)      (14, 12, 6, 3, 0)    107 3,880,800
 1539     (7, 6, -3, -5, -5)      (12, 11, 2, 0, 0)    107  436,800
 1540     (9, 2, -2, -2, -7)       (16, 9, 5, 5, 0)    107 1,528,800
 1541     (5, 3, 3, -1, -10)     (15, 13, 13, 9, 0)    106  513,000
 1542      (6, 2, 2, 0, -10)    (16, 12, 12, 10, 0)    106  519,750
 1543      (7, 3, 0, -1, -9)      (16, 12, 9, 8, 0)    106 2,450,250
 1544      (7, 4, 0, -3, -8)      (15, 12, 8, 5, 0)    106 5,001,750
 1545      (8, 3, 0, -4, -7)      (15, 10, 7, 3, 0)    106 5,001,750
 1546      (9, 1, 0, -3, -7)       (16, 8, 7, 4, 0)    106 2,450,250
 1547    (10, 0, -2, -2, -6)       (16, 6, 4, 4, 0)    106  519,750
 1548    (10, 1, -3, -3, -5)       (15, 6, 2, 2, 0)    106  513,000
 1549      (3, 3, 3, 2, -11)    (14, 14, 14, 13, 0)    105   11,424
 1550      (5, 4, 1, 0, -10)    (15, 14, 11, 10, 0)    105  739,024
 1551      (5, 4, 3, -3, -9)     (14, 13, 12, 6, 0)    105 1,086,624
 1552      (5, 4, 4, -6, -7)     (12, 11, 11, 1, 0)    105  224,224
 1553      (6, 4, 1, -2, -9)     (15, 13, 10, 7, 0)    105 2,996,224
 1554     (6, 6, -1, -4, -7)      (13, 13, 6, 3, 0)    105 1,357,824
 1555      (7, 4, 1, -6, -6)      (13, 10, 7, 0, 0)    105 1,357,824
 1556     (7, 6, -4, -4, -5)      (12, 11, 1, 1, 0)    105  224,224
 1557     (9, 2, -1, -4, -6)       (15, 8, 5, 2, 0)    105 2,996,224
 1558     (9, 3, -3, -4, -5)       (14, 8, 2, 1, 0)    105 1,086,624
 1559    (10, 0, -1, -4, -5)       (15, 5, 4, 1, 0)    105  739,024
 1560   (11, -2, -3, -3, -3)       (14, 1, 0, 0, 0)    105   11,424
 1561     (4, 4, 3, -1, -10)     (14, 14, 13, 9, 0)    104  267,750
 1562      (6, 2, 1, 1, -10)    (16, 12, 11, 11, 0)    104  273,000
 1563      (6, 4, 2, -4, -8)     (14, 12, 10, 4, 0)    104 2,764,125
 1564      (6, 5, 1, -5, -7)      (13, 12, 8, 2, 0)    104 2,186,625
 1565      (7, 3, 2, -5, -7)      (14, 10, 9, 2, 0)    104 2,252,250
 1566     (7, 5, -2, -3, -7)      (14, 12, 5, 4, 0)    104 2,252,250
 1567     (7, 5, -1, -5, -6)      (13, 11, 5, 1, 0)    104 2,186,625
 1568      (8, 2, 0, -2, -8)      (16, 10, 8, 6, 0)    104 3,105,375
 1569     (8, 4, -2, -4, -6)      (14, 10, 4, 2, 0)    104 2,764,125
 1570   (10, -1, -1, -2, -6)       (16, 5, 5, 4, 0)    104  273,000
 1571    (10, 1, -3, -4, -4)       (14, 5, 1, 0, 0)    104  267,750
 1572      (5, 5, 1, -2, -9)     (14, 14, 10, 7, 0)    103 1,101,600
 1573      (6, 5, 0, -3, -8)      (14, 13, 8, 5, 0)    103 2,764,800
 1574      (7, 2, 1, -1, -9)     (16, 11, 10, 8, 0)    103 1,663,200
 1575     (7, 4, -1, -2, -8)      (15, 12, 7, 6, 0)    103 2,872,800
 1576      (8, 2, 1, -4, -7)       (15, 9, 8, 3, 0)    103 2,872,800
 1577      (8, 3, 0, -5, -6)       (14, 9, 6, 1, 0)    103 2,764,800
 1578     (9, 1, -1, -2, -7)       (16, 8, 6, 5, 0)    103 1,663,200
 1579     (9, 2, -1, -5, -5)       (14, 7, 4, 0, 0)    103 1,101,600
 1580      (4, 4, 4, -3, -9)     (13, 13, 13, 6, 0)    102  142,800
 1581      (5, 3, 2, 0, -10)    (15, 13, 12, 10, 0)    102  585,200
 1582      (5, 5, 2, -4, -8)     (13, 13, 10, 4, 0)    102 1,047,200
 1583      (6, 3, 2, -2, -9)     (15, 12, 11, 7, 0)    102 1,901,900
 1584      (6, 3, 3, -4, -8)     (14, 11, 11, 4, 0)    102 1,064,700
 1585      (6, 4, 0, -1, -9)      (15, 13, 9, 8, 0)    102 1,755,600
 1586      (6, 5, 1, -6, -6)      (12, 11, 7, 0, 0)    102  764,400
 1587     (6, 6, -2, -3, -7)      (13, 13, 5, 4, 0)    102  785,400
 1588     (6, 6, -1, -5, -6)      (12, 12, 5, 1, 0)    102  764,400
 1589      (7, 3, 1, -3, -8)      (15, 11, 9, 5, 0)    102 3,803,800
 1590      (7, 3, 2, -6, -6)       (13, 9, 8, 0, 0)    102  785,400
 1591      (8, 1, 1, -2, -8)       (16, 9, 9, 6, 0)    102 1,201,200
 1592     (8, 2, -1, -1, -8)      (16, 10, 7, 7, 0)    102 1,201,200
 1593     (8, 3, -1, -3, -7)      (15, 10, 6, 4, 0)    102 3,803,800
 1594     (8, 4, -3, -3, -6)      (14, 10, 3, 3, 0)    102 1,064,700
 1595     (8, 4, -2, -5, -5)       (13, 9, 3, 0, 0)    102 1,047,200
 1596      (9, 1, 0, -4, -6)       (15, 7, 6, 2, 0)    102 1,755,600
 1597     (9, 2, -2, -3, -6)       (15, 8, 4, 3, 0)    102 1,901,900
 1598     (9, 3, -4, -4, -4)       (13, 7, 0, 0, 0)    102  142,800
 1599    (10, 0, -2, -3, -5)       (15, 5, 3, 2, 0)    102  585,200
 1600       (7, 2, 0, 0, -9)      (16, 11, 9, 9, 0)    101  693,000
 1601      (7, 4, 0, -4, -7)      (14, 11, 7, 3, 0)    101 3,969,000
 1602      (9, 0, 0, -2, -7)       (16, 7, 7, 5, 0)    101  693,000
 1603      (4, 4, 2, 0, -10)    (14, 14, 12, 10, 0)    100  247,401
 1604      (5, 3, 1, 1, -10)    (15, 13, 11, 11, 0)    100  248,976
 1605      (5, 5, 0, -1, -9)      (14, 14, 9, 8, 0)    100  636,174
 1606      (6, 4, 2, -5, -7)      (13, 11, 9, 2, 0)    100 1,814,274
 1607     (6, 5, -1, -2, -8)      (14, 13, 7, 6, 0)    100 1,571,724
 1608      (7, 2, 2, -3, -8)     (15, 10, 10, 5, 0)    100 1,416,051
 1609     (7, 5, -2, -4, -6)      (13, 11, 4, 2, 0)    100 1,814,274
 1610      (8, 2, 1, -5, -6)       (14, 8, 7, 1, 0)    100 1,571,724
 1611     (8, 3, -2, -2, -7)      (15, 10, 5, 5, 0)    100 1,416,051
 1612      (9, 1, 0, -5, -5)       (14, 6, 5, 0, 0)    100  636,174
 1613   (10, -1, -1, -3, -5)       (15, 4, 4, 2, 0)    100  248,976
 1614    (10, 0, -2, -4, -4)       (14, 4, 2, 0, 0)    100  247,401
 1615      (5, 4, 2, -2, -9)     (14, 13, 11, 7, 0)     99 1,248,000
 1616      (5, 4, 3, -4, -8)     (13, 12, 11, 4, 0)     99  884,000
 1617       (7, 1, 1, 0, -9)     (16, 10, 10, 9, 0)     99  364,000
 1618      (8, 1, 0, -1, -8)       (16, 9, 8, 7, 0)     99 1,024,000
 1619     (8, 4, -3, -4, -5)       (13, 9, 2, 1, 0)     99  884,000
 1620     (9, 0, -1, -1, -7)       (16, 7, 6, 6, 0)     99  364,000
 1621     (9, 2, -2, -4, -5)       (14, 7, 3, 1, 0)     99 1,248,000
 1622      (4, 3, 3, 0, -10)    (14, 13, 13, 10, 0)     98  138,600
 1623      (4, 4, 1, 1, -10)    (14, 14, 11, 11, 0)     98   99,450
 1624      (5, 2, 2, 1, -10)    (15, 12, 12, 11, 0)     98  139,650
 1625      (5, 5, 2, -5, -7)      (12, 12, 9, 2, 0)     98  686,400
 1626      (6, 3, 1, -1, -9)     (15, 12, 10, 8, 0)     98 1,615,950
 1627      (6, 3, 3, -5, -7)     (13, 10, 10, 2, 0)     98  696,150
 1628      (6, 4, 1, -3, -8)      (14, 12, 9, 5, 0)     98 2,806,650
 1629      (6, 4, 2, -6, -6)      (12, 10, 8, 0, 0)     98  631,800
 1630      (6, 5, 0, -4, -7)      (13, 12, 7, 3, 0)     98 2,187,900
 1631     (6, 6, -2, -4, -6)      (12, 12, 4, 2, 0)     98  631,800
 1632      (7, 3, 0, -2, -8)      (15, 11, 8, 6, 0)     98 2,932,650
 1633      (7, 4, 0, -5, -6)      (13, 10, 6, 1, 0)     98 2,187,900
 1634     (7, 5, -3, -3, -6)      (13, 11, 3, 3, 0)     98  696,150
 1635     (7, 5, -2, -5, -5)      (12, 10, 3, 0, 0)     98  686,400
 1636      (8, 2, 0, -3, -7)       (15, 9, 7, 4, 0)     98 2,932,650
 1637     (8, 3, -1, -4, -6)       (14, 9, 5, 2, 0)     98 2,806,650
 1638     (9, 1, -1, -3, -6)       (15, 7, 5, 3, 0)     98 1,615,950
 1639   (10, -1, -2, -2, -5)       (15, 4, 3, 3, 0)     98  139,650
 1640   (10, -1, -1, -4, -4)       (14, 3, 3, 0, 0)     98   99,450
 1641    (10, 0, -3, -3, -4)       (14, 4, 1, 1, 0)     98  138,600
 1642      (5, 3, 3, -2, -9)     (14, 12, 12, 7, 0)     97  529,200
 1643      (7, 3, 1, -4, -7)      (14, 10, 8, 3, 0)     97 2,948,400
 1644     (7, 4, -1, -3, -7)      (14, 11, 6, 4, 0)     97 2,948,400
 1645     (9, 2, -3, -3, -5)       (14, 7, 2, 2, 0)     97  529,200
 1646      (4, 4, 4, -4, -8)     (12, 12, 12, 4, 0)     96  115,500
 1647      (5, 5, 1, -3, -8)      (13, 13, 9, 5, 0)     96 1,028,500
 1648      (5, 5, 2, -6, -6)      (11, 11, 8, 0, 0)     96  238,875
 1649      (6, 2, 2, -1, -9)     (15, 11, 11, 8, 0)     96  648,375
 1650       (6, 3, 0, 0, -9)      (15, 12, 9, 9, 0)     96  627,000
 1651      (6, 3, 3, -6, -6)       (12, 9, 9, 0, 0)     96  242,000
 1652     (6, 6, -3, -3, -6)      (12, 12, 3, 3, 0)     96  242,000
 1653     (6, 6, -2, -5, -5)      (11, 11, 3, 0, 0)     96  238,875
 1654     (7, 3, -1, -1, -8)      (15, 11, 7, 7, 0)     96 1,097,250
 1655       (8, 0, 0, 0, -8)       (16, 8, 8, 8, 0)     96  136,125
 1656      (8, 1, 1, -3, -7)       (15, 8, 8, 4, 0)     96 1,097,250
 1657     (8, 3, -1, -5, -5)       (13, 8, 4, 0, 0)     96 1,028,500
 1658     (8, 4, -4, -4, -4)       (12, 8, 0, 0, 0)     96  115,500
 1659      (9, 0, 0, -3, -6)       (15, 6, 6, 3, 0)     96  627,000
 1660     (9, 1, -2, -2, -6)       (15, 7, 4, 4, 0)     96  648,375
 1661      (4, 3, 2, 1, -10)    (14, 13, 12, 11, 0)     95  129,024
 1662      (4, 4, 3, -2, -9)     (13, 13, 12, 7, 0)     95  274,176
 1663      (5, 4, 1, -1, -9)     (14, 13, 10, 8, 0)     95  979,776
 1664      (5, 4, 3, -5, -7)     (12, 11, 10, 2, 0)     95  576,576
 1665      (6, 3, 2, -3, -8)     (14, 11, 10, 5, 0)     95 1,741,824
 1666      (6, 5, 0, -5, -6)      (12, 11, 6, 1, 0)     95 1,204,224
 1667      (7, 2, 1, -2, -8)      (15, 10, 9, 6, 0)     95 1,825,824
 1668      (7, 2, 2, -4, -7)       (14, 9, 9, 3, 0)     95 1,086,624
 1669     (7, 4, -2, -2, -7)      (14, 11, 5, 5, 0)     95 1,086,624
 1670     (7, 5, -3, -4, -5)      (12, 10, 2, 1, 0)     95  576,576
 1671     (8, 2, -1, -2, -7)       (15, 9, 6, 5, 0)     95 1,825,824
 1672     (8, 3, -2, -3, -6)       (14, 9, 4, 3, 0)     95 1,741,824
 1673     (9, 1, -1, -4, -5)       (14, 6, 4, 1, 0)     95  979,776
 1674     (9, 2, -3, -4, -4)       (13, 6, 1, 0, 0)     95  274,176
 1675   (10, -1, -2, -3, -4)       (14, 3, 2, 1, 0)     95  129,024
 1676      (6, 4, 0, -2, -8)      (14, 12, 8, 6, 0)     94 2,079,000
 1677     (6, 5, -1, -3, -7)      (13, 12, 6, 4, 0)     94 1,606,500
 1678      (7, 3, 1, -5, -6)       (13, 9, 7, 1, 0)     94 1,606,500
 1679      (8, 2, 0, -4, -6)       (14, 8, 6, 2, 0)     94 2,079,000
 1680       (5, 4, 0, 0, -9)      (14, 13, 9, 9, 0)     93  369,600
 1681      (5, 4, 3, -6, -6)      (11, 10, 9, 0, 0)     93  200,200
 1682       (6, 2, 1, 0, -9)     (15, 11, 10, 9, 0)     93  558,600
 1683      (6, 4, 1, -4, -7)      (13, 11, 8, 3, 0)     93 2,165,800
 1684     (6, 6, -3, -4, -5)      (11, 11, 2, 1, 0)     93  200,200
 1685     (7, 4, -1, -4, -6)      (13, 10, 5, 2, 0)     93 2,165,800
 1686     (9, 0, -1, -2, -6)       (15, 6, 5, 4, 0)     93  558,600
 1687      (9, 0, 0, -4, -5)       (14, 5, 5, 1, 0)     93  369,600
 1688      (3, 3, 3, 1, -10)    (13, 13, 13, 11, 0)     92   20,400
 1689      (4, 2, 2, 2, -10)    (14, 12, 12, 12, 0)     92   20,475
 1690      (4, 4, 4, -5, -7)     (11, 11, 11, 2, 0)     92   75,075
 1691      (5, 3, 2, -1, -9)     (14, 12, 11, 8, 0)     92  710,775
 1692      (5, 4, 2, -3, -8)     (13, 12, 10, 5, 0)     92 1,136,025
 1693      (5, 5, 0, -2, -8)      (13, 13, 8, 6, 0)     92  749,700
 1694     (6, 4, -1, -1, -8)      (14, 12, 7, 7, 0)     92  765,450
 1695     (6, 5, -2, -2, -7)      (13, 12, 5, 5, 0)     92  589,050
 1696      (7, 2, 0, -1, -8)      (15, 10, 8, 7, 0)     92 1,222,650
 1697      (7, 2, 2, -5, -6)       (13, 8, 8, 1, 0)     92  589,050
 1698      (7, 3, 0, -3, -7)      (14, 10, 7, 4, 0)     92 2,737,800
 1699     (7, 5, -4, -4, -4)       (11, 9, 0, 0, 0)     92   75,075
 1700      (8, 1, 0, -2, -7)       (15, 8, 7, 5, 0)     92 1,222,650
 1701      (8, 1, 1, -4, -6)       (14, 7, 7, 2, 0)     92  765,450
 1702      (8, 2, 0, -5, -5)       (13, 7, 5, 0, 0)     92  749,700
 1703     (8, 3, -2, -4, -5)       (13, 8, 3, 1, 0)     92 1,136,025
 1704     (9, 1, -2, -3, -5)       (14, 6, 3, 2, 0)     92  710,775
 1705   (10, -2, -2, -2, -4)       (14, 2, 2, 2, 0)     92   20,475
 1706   (10, -1, -3, -3, -3)       (13, 2, 0, 0, 0)     92   20,400
 1707      (5, 5, 1, -4, -7)      (12, 12, 8, 3, 0)     91  792,000
 1708     (7, 4, -1, -5, -5)       (12, 9, 4, 0, 0)     91  792,000
 1709      (3, 3, 2, 2, -10)    (13, 13, 12, 12, 0)     90   12,376
 1710      (4, 4, 2, -1, -9)     (13, 13, 11, 8, 0)     90  297,024
 1711      (4, 4, 4, -6, -6)     (10, 10, 10, 0, 0)     90   26,026
 1712      (5, 3, 3, -3, -8)     (13, 11, 11, 5, 0)     90  476,476
 1713     (5, 5, -1, -1, -8)      (13, 13, 7, 7, 0)     90  274,176
 1714       (6, 1, 1, 1, -9)    (15, 10, 10, 10, 0)     90   76,076
 1715      (6, 3, 1, -2, -8)      (14, 11, 9, 6, 0)     90 1,743,126
 1716      (6, 3, 2, -4, -7)      (13, 10, 9, 3, 0)     90 1,327,326
 1717      (6, 4, 1, -5, -6)      (12, 10, 7, 1, 0)     90 1,177,176
 1718     (6, 5, -1, -4, -6)      (12, 11, 5, 2, 0)     90 1,177,176
 1719     (6, 6, -4, -4, -4)      (10, 10, 0, 0, 0)     90   26,026
 1720      (7, 1, 1, -1, -8)       (15, 9, 9, 7, 0)     90  514,976
 1721     (7, 4, -2, -3, -6)      (13, 10, 4, 3, 0)     90 1,327,326
 1722     (8, 1, -1, -1, -7)       (15, 8, 6, 6, 0)     90  514,976
 1723      (8, 1, 1, -5, -5)       (13, 6, 6, 0, 0)     90  274,176
 1724     (8, 2, -1, -3, -6)       (14, 8, 5, 3, 0)     90 1,743,126
 1725     (8, 3, -3, -3, -5)       (13, 8, 2, 2, 0)     90  476,476
 1726    (9, -1, -1, -1, -6)       (15, 5, 5, 5, 0)     90   76,076
 1727     (9, 1, -2, -4, -4)       (13, 5, 2, 0, 0)     90  297,024
 1728   (10, -2, -2, -3, -3)       (13, 1, 1, 0, 0)     90   12,376
 1729       (5, 3, 1, 0, -9)     (14, 12, 10, 9, 0)     89  486,000
 1730      (7, 2, 1, -3, -7)       (14, 9, 8, 4, 0)     89 1,638,000
 1731     (7, 3, -1, -2, -7)      (14, 10, 6, 5, 0)     89 1,638,000
 1732     (9, 0, -1, -3, -5)       (14, 5, 4, 2, 0)     89  486,000
 1733      (4, 3, 3, -1, -9)     (13, 12, 12, 8, 0)     88  160,650
 1734      (4, 4, 3, -3, -8)     (12, 12, 11, 5, 0)     88  245,700
 1735      (5, 5, 1, -5, -6)      (11, 11, 7, 1, 0)     88  429,975
 1736      (6, 2, 2, -2, -8)     (14, 10, 10, 6, 0)     88  675,675
 1737      (6, 4, 0, -3, -7)      (13, 11, 7, 4, 0)     88 1,927,800
 1738     (6, 5, -1, -5, -5)      (11, 10, 4, 0, 0)     88  429,975
 1739       (7, 1, 0, 0, -8)       (15, 9, 8, 8, 0)     88  269,325
 1740      (7, 3, 0, -4, -6)       (13, 9, 6, 2, 0)     88 1,927,800
 1741      (8, 0, 0, -1, -7)       (15, 7, 7, 6, 0)     88  269,325
 1742     (8, 2, -2, -2, -6)       (14, 8, 4, 4, 0)     88  675,675
 1743     (8, 3, -3, -4, -4)       (12, 7, 1, 0, 0)     88  245,700
 1744     (9, 1, -3, -3, -4)       (13, 5, 1, 1, 0)     88  160,650
 1745       (4, 4, 1, 0, -9)     (13, 13, 10, 9, 0)     87  190,400
 1746       (5, 2, 2, 0, -9)     (14, 11, 11, 9, 0)     87  218,400
 1747      (5, 4, 1, -2, -8)      (13, 12, 9, 6, 0)     87 1,047,200
 1748      (5, 4, 2, -4, -7)      (12, 11, 9, 3, 0)     87  862,400
 1749      (6, 3, 0, -1, -8)      (14, 11, 8, 7, 0)     87 1,075,200
 1750      (6, 3, 2, -5, -6)       (12, 9, 8, 1, 0)     87  716,800
 1751     (6, 5, -2, -3, -6)      (12, 11, 4, 3, 0)     87  716,800
 1752     (7, 4, -2, -4, -5)       (12, 9, 3, 1, 0)     87  862,400
 1753      (8, 1, 0, -3, -6)       (14, 7, 6, 3, 0)     87 1,075,200
 1754     (8, 2, -1, -4, -5)       (13, 7, 4, 1, 0)     87 1,047,200
 1755     (9, 0, -2, -2, -5)       (14, 5, 3, 3, 0)     87  218,400
 1756     (9, 0, -1, -4, -4)       (13, 4, 3, 0, 0)     87  190,400
 1757      (5, 5, 0, -3, -7)      (12, 12, 7, 4, 0)     86  693,000
 1758      (7, 3, 0, -5, -5)       (12, 8, 5, 0, 0)     86  693,000
 1759       (5, 2, 1, 1, -9)    (14, 11, 10, 10, 0)     85  116,424
 1760      (5, 3, 3, -4, -7)     (12, 10, 10, 3, 0)     85  359,424
 1761     (6, 4, -1, -2, -7)      (13, 11, 6, 5, 0)     85 1,130,976
 1762      (7, 2, 0, -2, -7)       (14, 9, 7, 5, 0)     85 1,417,176
 1763      (7, 2, 1, -4, -6)       (13, 8, 7, 2, 0)     85 1,130,976
 1764     (7, 4, -3, -3, -5)       (12, 9, 2, 2, 0)     85  359,424
 1765    (9, -1, -1, -2, -5)       (14, 4, 4, 3, 0)     85  116,424
 1766       (4, 3, 2, 0, -9)     (13, 12, 11, 9, 0)     84  193,375
 1767      (5, 3, 2, -2, -8)     (13, 11, 10, 6, 0)     84  728,875
 1768      (5, 4, 0, -1, -8)      (13, 12, 8, 7, 0)     84  624,750
 1769      (5, 4, 2, -5, -6)      (11, 10, 8, 1, 0)     84  464,750
 1770      (6, 2, 1, -1, -8)      (14, 10, 9, 7, 0)     84  750,750
 1771      (6, 3, 1, -3, -7)      (13, 10, 8, 4, 0)     84 1,547,000
 1772      (6, 4, 0, -4, -6)      (12, 10, 6, 2, 0)     84 1,352,000
 1773     (6, 5, -2, -4, -5)      (11, 10, 3, 1, 0)     84  464,750
 1774     (7, 3, -1, -3, -6)       (13, 9, 5, 3, 0)     84 1,547,000
 1775     (8, 1, -1, -2, -6)       (14, 7, 5, 4, 0)     84  750,750
 1776      (8, 1, 0, -4, -5)       (13, 6, 5, 1, 0)     84  624,750
 1777     (8, 2, -2, -3, -5)       (13, 7, 3, 2, 0)     84  728,875
 1778     (9, 0, -2, -3, -4)       (13, 4, 2, 1, 0)     84  193,375
 1779      (4, 4, 3, -4, -7)     (11, 11, 10, 3, 0)     83  184,800
 1780     (5, 5, -1, -2, -7)      (12, 12, 6, 5, 0)     83  403,200
 1781      (7, 1, 1, -2, -7)       (14, 8, 8, 5, 0)     83  554,400
 1782     (7, 2, -1, -1, -7)       (14, 9, 6, 6, 0)     83  554,400
 1783      (7, 2, 1, -5, -5)       (12, 7, 6, 0, 0)     83  403,200
 1784     (7, 4, -3, -4, -4)       (11, 8, 1, 0, 0)     83  184,800
 1785       (4, 3, 1, 1, -9)    (13, 12, 10, 10, 0)     82   84,150
 1786      (4, 4, 2, -2, -8)     (12, 12, 10, 6, 0)     82  302,400
 1787      (5, 3, 3, -5, -6)       (11, 9, 9, 1, 0)     82  193,050
 1788      (5, 5, 0, -4, -6)      (11, 11, 6, 2, 0)     82  485,100
 1789       (6, 2, 0, 0, -8)      (14, 10, 8, 8, 0)     82  315,900
 1790      (6, 2, 2, -3, -7)       (13, 9, 9, 4, 0)     82  589,050
 1791      (6, 4, 0, -5, -5)       (11, 9, 5, 0, 0)     82  485,100
 1792     (6, 5, -3, -3, -5)      (11, 10, 2, 2, 0)     82  193,050
 1793     (7, 3, -2, -2, -6)       (13, 9, 4, 4, 0)     82  589,050
 1794      (8, 0, 0, -2, -6)       (14, 6, 6, 4, 0)     82  315,900
 1795     (8, 2, -2, -4, -4)       (12, 6, 2, 0, 0)     82  302,400
 1796    (9, -1, -1, -3, -4)       (13, 3, 3, 1, 0)     82   84,150
 1797       (3, 3, 3, 0, -9)     (12, 12, 12, 9, 0)     81   28,000
 1798      (5, 4, 1, -3, -7)      (12, 11, 8, 4, 0)     81  924,000
 1799     (7, 3, -1, -4, -5)       (12, 8, 4, 1, 0)     81  924,000
 1800     (9, 0, -3, -3, -3)       (12, 3, 0, 0, 0)     81   28,000
 1801       (4, 2, 2, 1, -9)    (13, 11, 11, 10, 0)     80   51,051
 1802      (4, 3, 3, -2, -8)     (12, 11, 11, 6, 0)     80  160,524
 1803      (4, 4, 3, -5, -6)      (10, 10, 9, 1, 0)     80   99,099
 1804      (5, 3, 1, -1, -8)      (13, 11, 9, 7, 0)     80  636,174
 1805      (5, 5, 0, -5, -5)      (10, 10, 5, 0, 0)     80  173,901
 1806       (6, 1, 1, 0, -8)       (14, 9, 9, 8, 0)     80  168,399
 1807      (6, 3, 0, -2, -7)      (13, 10, 7, 5, 0)     80 1,225,224
 1808      (6, 3, 1, -4, -6)       (12, 9, 7, 2, 0)     80 1,061,424
 1809     (6, 4, -1, -3, -6)      (12, 10, 5, 3, 0)     80 1,061,424
 1810     (6, 5, -3, -4, -4)       (10, 9, 1, 0, 0)     80   99,099
 1811      (7, 1, 0, -1, -7)       (14, 8, 7, 6, 0)     80  480,249
 1812      (7, 2, 0, -3, -6)       (13, 8, 6, 3, 0)     80 1,225,224
 1813     (8, 0, -1, -1, -6)       (14, 6, 5, 5, 0)     80  168,399
 1814     (8, 1, -1, -3, -5)       (13, 6, 4, 2, 0)     80  636,174
 1815     (8, 2, -3, -3, -4)       (12, 6, 1, 1, 0)     80  160,524
 1816    (9, -1, -2, -2, -4)       (13, 3, 2, 2, 0)     80   51,051
 1817       (3, 3, 2, 1, -9)    (12, 12, 11, 10, 0)     78   28,600
 1818      (4, 4, 1, -1, -8)      (12, 12, 9, 7, 0)     78  246,400
 1819      (5, 2, 2, -1, -8)     (13, 10, 10, 7, 0)     78  265,200
 1820       (5, 3, 0, 0, -8)      (13, 11, 8, 8, 0)     78  249,900
 1821      (5, 3, 2, -3, -7)      (12, 10, 9, 4, 0)     78  629,200
 1822     (5, 5, -1, -3, -6)      (11, 11, 5, 3, 0)     78  377,300
 1823      (6, 2, 2, -4, -6)       (12, 8, 8, 2, 0)     78  400,400
 1824     (6, 3, -1, -1, -7)      (13, 10, 6, 6, 0)     78  464,100
 1825      (6, 3, 1, -5, -5)       (11, 8, 6, 0, 0)     78  377,300
 1826     (6, 4, -2, -2, -6)      (12, 10, 4, 4, 0)     78  400,400
 1827      (7, 1, 1, -3, -6)       (13, 7, 7, 3, 0)     78  464,100
 1828     (7, 3, -2, -3, -5)       (12, 8, 3, 2, 0)     78  629,200
 1829      (8, 0, 0, -3, -5)       (13, 5, 5, 2, 0)     78  249,900
 1830     (8, 1, -2, -2, -5)       (13, 6, 3, 3, 0)     78  265,200
 1831     (8, 1, -1, -4, -4)       (12, 5, 3, 0, 0)     78  246,400
 1832    (9, -1, -2, -3, -3)       (12, 2, 1, 0, 0)     78   28,600
 1833      (5, 4, 0, -2, -7)      (12, 11, 7, 5, 0)     77  705,600
 1834      (5, 4, 1, -4, -6)      (11, 10, 7, 2, 0)     77  631,800
 1835      (6, 2, 1, -2, -7)       (13, 9, 8, 5, 0)     77  785,400
 1836     (6, 4, -1, -4, -5)       (11, 9, 4, 1, 0)     77  631,800
 1837       (7, 0, 0, 0, -7)       (14, 7, 7, 7, 0)     77   64,800
 1838     (7, 2, -1, -2, -6)       (13, 8, 5, 4, 0)     77  785,400
 1839      (7, 2, 0, -4, -5)       (12, 7, 5, 1, 0)     77  705,600
 1840       (4, 4, 0, 0, -8)      (12, 12, 8, 8, 0)     76   94,500
 1841      (4, 4, 2, -3, -7)      (11, 11, 9, 4, 0)     76  259,875
 1842     (5, 5, -2, -2, -6)      (11, 11, 4, 4, 0)     76  141,750
 1843      (6, 2, 2, -5, -5)       (11, 7, 7, 0, 0)     76  141,750
 1844     (7, 3, -2, -4, -4)       (11, 7, 2, 0, 0)     76  259,875
 1845      (8, 0, 0, -4, -4)       (12, 4, 4, 0, 0)     76   94,500
 1846       (3, 2, 2, 2, -9)    (12, 11, 11, 11, 0)     75    5,824
 1847      (4, 3, 2, -1, -8)     (12, 11, 10, 7, 0)     75  229,376
 1848       (5, 2, 1, 0, -8)      (13, 10, 9, 8, 0)     75  233,376
 1849     (5, 4, -1, -1, -7)      (12, 11, 6, 6, 0)     75  263,424
 1850      (5, 4, 1, -5, -5)       (10, 9, 6, 0, 0)     75  224,224
 1851     (5, 5, -1, -4, -5)      (10, 10, 4, 1, 0)     75  224,224
 1852      (6, 3, 0, -3, -6)       (12, 9, 6, 3, 0)     75 1,048,576
 1853      (7, 1, 1, -4, -5)       (12, 6, 6, 1, 0)     75  263,424
 1854     (8, 0, -1, -2, -5)       (13, 5, 4, 3, 0)     75  233,376
 1855     (8, 1, -2, -3, -4)       (12, 5, 2, 1, 0)     75  229,376
 1856    (9, -2, -2, -2, -3)       (12, 1, 1, 1, 0)     75    5,824
 1857      (4, 3, 3, -3, -7)     (11, 10, 10, 4, 0)     74  136,500
 1858      (5, 3, 2, -4, -6)       (11, 9, 8, 2, 0)     74  425,250
 1859      (6, 2, 0, -1, -7)       (13, 9, 7, 6, 0)     74  535,500
 1860     (6, 4, -2, -3, -5)       (11, 9, 3, 2, 0)     74  425,250
 1861      (7, 1, 0, -2, -6)       (13, 7, 6, 4, 0)     74  535,500
 1862     (7, 3, -3, -3, -4)       (11, 7, 1, 1, 0)     74  136,500
 1863      (5, 3, 1, -2, -7)      (12, 10, 8, 5, 0)     73  655,200
 1864     (7, 2, -1, -3, -5)       (12, 7, 4, 2, 0)     73  655,200
 1865      (3, 3, 3, -1, -8)     (11, 11, 11, 7, 0)     72   31,850
 1866       (4, 3, 1, 0, -8)      (12, 11, 9, 8, 0)     72  161,700
 1867      (4, 4, 2, -4, -6)      (10, 10, 8, 2, 0)     72  175,175
 1868       (5, 1, 1, 1, -8)       (13, 9, 9, 9, 0)     72   32,725
 1869      (5, 3, 2, -5, -5)       (10, 8, 7, 0, 0)     72  150,150
 1870      (5, 4, 0, -3, -6)      (11, 10, 6, 3, 0)     72  600,600
 1871     (5, 5, -2, -3, -5)      (10, 10, 3, 2, 0)     72  150,150
 1872      (6, 1, 1, -1, -7)       (13, 8, 8, 6, 0)     72  229,075
 1873      (6, 2, 1, -3, -6)       (12, 8, 7, 3, 0)     72  646,800
 1874     (6, 3, -1, -2, -6)       (12, 9, 5, 4, 0)     72  646,800
 1875      (6, 3, 0, -4, -5)       (11, 8, 5, 1, 0)     72  600,600
 1876     (6, 4, -2, -4, -4)       (10, 8, 2, 0, 0)     72  175,175
 1877     (7, 1, -1, -1, -6)       (13, 7, 5, 5, 0)     72  229,075
 1878    (8, -1, -1, -1, -5)       (13, 4, 4, 4, 0)     72   32,725
 1879     (8, 0, -1, -3, -4)       (12, 4, 3, 1, 0)     72  161,700
 1880     (8, 1, -3, -3, -3)       (11, 4, 0, 0, 0)     72   31,850
 1881      (4, 4, 1, -2, -7)      (11, 11, 8, 5, 0)     71  252,000
 1882      (5, 2, 2, -2, -7)       (12, 9, 9, 5, 0)     71  264,000
 1883     (7, 2, -2, -2, -5)       (12, 7, 3, 3, 0)     71  264,000
 1884     (7, 2, -1, -4, -4)       (11, 6, 3, 0, 0)     71  252,000
 1885       (4, 2, 2, 0, -8)     (12, 10, 10, 8, 0)     70   78,624
 1886      (4, 3, 3, -4, -6)       (10, 9, 9, 2, 0)     70   91,476
 1887      (4, 4, 2, -5, -5)        (9, 9, 7, 0, 0)     70   61,776
 1888      (5, 3, 0, -1, -7)      (12, 10, 7, 6, 0)     70  412,776
 1889     (5, 5, -2, -4, -4)        (9, 9, 2, 0, 0)     70   61,776
 1890       (6, 1, 0, 0, -7)       (13, 8, 7, 7, 0)     70  121,176
 1891     (6, 4, -3, -3, -4)       (10, 8, 1, 1, 0)     70   91,476
 1892      (7, 0, 0, -1, -6)       (13, 6, 6, 5, 0)     70  121,176
 1893      (7, 1, 0, -3, -5)       (12, 6, 5, 2, 0)     70  412,776
 1894     (8, 0, -2, -2, -4)       (12, 4, 2, 2, 0)     70   78,624
 1895     (5, 4, -1, -2, -6)      (11, 10, 5, 4, 0)     69  364,000
 1896      (5, 4, 0, -4, -5)       (10, 9, 5, 1, 0)     69  343,000
 1897      (6, 2, 1, -4, -5)       (11, 7, 6, 1, 0)     69  364,000
 1898       (3, 3, 2, 0, -8)     (11, 11, 10, 8, 0)     68   42,525
 1899       (4, 2, 1, 1, -8)      (12, 10, 9, 9, 0)     68   42,900
 1900      (4, 3, 2, -2, -7)      (11, 10, 9, 5, 0)     68  225,225
 1901      (4, 3, 3, -5, -5)        (9, 8, 8, 0, 0)     68   32,175
 1902      (4, 4, 0, -1, -7)      (11, 11, 7, 6, 0)     68  154,350
 1903      (5, 3, 1, -3, -6)       (11, 9, 7, 3, 0)     68  534,600
 1904     (5, 5, -3, -3, -4)        (9, 9, 1, 1, 0)     68   32,175
 1905      (6, 2, 0, -2, -6)       (12, 8, 6, 4, 0)     68  580,800
 1906     (6, 3, -1, -3, -5)       (11, 8, 4, 2, 0)     68  534,600
 1907      (7, 1, 0, -4, -4)       (11, 5, 4, 0, 0)     68  154,350
 1908     (7, 2, -2, -3, -4)       (11, 6, 2, 1, 0)     68  225,225
 1909    (8, -1, -1, -2, -4)       (12, 3, 3, 2, 0)     68   42,900
 1910     (8, 0, -2, -3, -3)       (11, 3, 1, 0, 0)     68   42,525
 1911      (5, 2, 1, -1, -7)       (12, 9, 8, 6, 0)     67  302,400
 1912     (7, 1, -1, -2, -5)       (12, 6, 4, 3, 0)     67  302,400
 1913       (3, 3, 1, 1, -8)      (11, 11, 9, 9, 0)     66   19,250
 1914      (4, 4, 1, -3, -6)      (10, 10, 7, 3, 0)     66  204,750
 1915      (5, 2, 2, -3, -6)       (11, 8, 8, 3, 0)     66  211,750
 1916      (6, 1, 1, -2, -6)       (12, 7, 7, 4, 0)     66  231,000
 1917     (6, 2, -1, -1, -6)       (12, 8, 5, 5, 0)     66  231,000
 1918     (6, 3, -2, -2, -5)       (11, 8, 3, 3, 0)     66  211,750
 1919     (6, 3, -1, -4, -4)       (10, 7, 3, 0, 0)     66  204,750
 1920    (8, -1, -1, -3, -3)       (11, 2, 2, 0, 0)     66   19,250
 1921      (3, 3, 3, -2, -7)     (10, 10, 10, 5, 0)     65   30,576
 1922       (5, 2, 0, 0, -7)       (12, 9, 7, 7, 0)     65  129,024
 1923      (5, 3, 1, -4, -5)       (10, 8, 6, 1, 0)     65  299,376
 1924     (5, 4, -1, -3, -5)       (10, 9, 4, 2, 0)     65  299,376
 1925      (7, 0, 0, -2, -5)       (12, 5, 5, 3, 0)     65  129,024
 1926     (7, 2, -3, -3, -3)       (10, 5, 0, 0, 0)     65   30,576
 1927       (3, 2, 2, 1, -8)     (11, 10, 10, 9, 0)     64   14,625
 1928      (4, 3, 1, -1, -7)      (11, 10, 8, 6, 0)     64  204,750
 1929      (5, 3, 0, -2, -6)       (11, 9, 6, 4, 0)     64  441,000
 1930      (6, 2, 0, -3, -5)       (11, 7, 5, 2, 0)     64  441,000
 1931     (7, 1, -1, -3, -4)       (11, 5, 3, 1, 0)     64  204,750
 1932    (8, -1, -2, -2, -3)       (11, 2, 1, 1, 0)     64   14,625
 1933      (4, 3, 2, -3, -6)       (10, 9, 8, 3, 0)     63  179,200
 1934      (4, 4, 1, -4, -5)        (9, 9, 6, 1, 0)     63  114,400
 1935       (5, 1, 1, 0, -7)       (12, 8, 8, 7, 0)     63   70,400
 1936      (5, 2, 2, -4, -5)       (10, 7, 7, 1, 0)     63  117,600
 1937     (5, 4, -2, -2, -5)       (10, 9, 3, 3, 0)     63  117,600
 1938     (5, 4, -1, -4, -4)        (9, 8, 3, 0, 0)     63  114,400
 1939      (6, 1, 0, -1, -6)       (12, 7, 6, 5, 0)     63  204,800
 1940     (6, 3, -2, -3, -4)       (10, 7, 2, 1, 0)     63  179,200
 1941     (7, 0, -1, -1, -5)       (12, 5, 4, 4, 0)     63   70,400
 1942      (4, 2, 2, -1, -7)       (11, 9, 9, 6, 0)     62   92,400
 1943       (4, 3, 0, 0, -7)      (11, 10, 7, 7, 0)     62   81,900
 1944      (4, 4, 0, -2, -6)      (10, 10, 6, 4, 0)     62  163,800
 1945     (5, 3, -1, -1, -6)       (11, 9, 5, 5, 0)     62  170,100
 1946      (6, 1, 1, -3, -5)       (11, 6, 6, 2, 0)     62  170,100
 1947      (6, 2, 0, -4, -4)       (10, 6, 4, 0, 0)     62  163,800
 1948      (7, 0, 0, -3, -4)       (11, 4, 4, 1, 0)     62   81,900
 1949     (7, 1, -2, -2, -4)       (11, 5, 2, 2, 0)     62   92,400
 1950      (5, 2, 1, -2, -6)       (11, 8, 7, 4, 0)     61  297,000
 1951     (6, 2, -1, -2, -5)       (11, 7, 4, 3, 0)     61  297,000
 1952       (2, 2, 2, 2, -8)    (10, 10, 10, 10, 0)     60    1,001
 1953      (3, 3, 2, -1, -7)      (10, 10, 9, 6, 0)     60   49,049
 1954      (3, 3, 3, -3, -6)        (9, 9, 9, 3, 0)     60   24,024
 1955      (4, 3, 2, -4, -5)        (9, 8, 7, 1, 0)     60   99,099
 1956     (4, 4, -1, -1, -6)      (10, 10, 5, 5, 0)     60   62,426
 1957      (5, 3, 0, -3, -5)       (10, 8, 5, 2, 0)     60  332,024
 1958     (5, 4, -2, -3, -4)        (9, 8, 2, 1, 0)     60   99,099
 1959       (6, 0, 0, 0, -6)       (12, 6, 6, 6, 0)     60   28,224
 1960      (6, 1, 1, -4, -4)       (10, 5, 5, 0, 0)     60   62,426
 1961     (6, 3, -3, -3, -3)        (9, 6, 0, 0, 0)     60   24,024
 1962     (7, 1, -2, -3, -3)       (10, 4, 1, 0, 0)     60   49,049
 1963    (8, -2, -2, -2, -2)       (10, 0, 0, 0, 0)     60    1,001
 1964       (4, 2, 1, 0, -7)       (11, 9, 8, 7, 0)     59   84,000
 1965     (7, 0, -1, -2, -4)       (11, 4, 3, 2, 0)     59   84,000
 1966      (4, 3, 1, -2, -6)       (10, 9, 7, 4, 0)     58  198,450
 1967      (4, 4, 0, -3, -5)        (9, 9, 5, 2, 0)     58  122,850
 1968      (5, 2, 0, -1, -6)       (11, 8, 6, 5, 0)     58  207,900
 1969      (5, 3, 0, -4, -4)        (9, 7, 4, 0, 0)     58  122,850
 1970      (6, 1, 0, -2, -5)       (11, 6, 5, 3, 0)     58  207,900
 1971     (6, 2, -1, -3, -4)       (10, 6, 3, 1, 0)     58  198,450
 1972       (3, 3, 1, 0, -7)      (10, 10, 8, 7, 0)     57   36,400
 1973      (3, 3, 3, -4, -5)        (8, 8, 8, 1, 0)     57   13,200
 1974      (5, 2, 1, -3, -5)       (10, 7, 6, 2, 0)     57  215,600
 1975     (5, 3, -1, -2, -5)       (10, 8, 4, 3, 0)     57  215,600
 1976     (5, 4, -3, -3, -3)        (8, 7, 0, 0, 0)     57   13,200
 1977     (7, 0, -1, -3, -3)       (10, 3, 2, 0, 0)     57   36,400
 1978       (4, 1, 1, 1, -7)       (11, 8, 8, 8, 0)     56   12,375
 1979      (4, 2, 2, -2, -6)       (10, 8, 8, 4, 0)     56   86,625
 1980      (4, 4, 0, -4, -4)        (8, 8, 4, 0, 0)     56   45,375
 1981      (5, 1, 1, -1, -6)       (11, 7, 7, 5, 0)     56   91,125
 1982     (6, 1, -1, -1, -5)       (11, 6, 4, 4, 0)     56   91,125
 1983     (6, 2, -2, -2, -4)       (10, 6, 2, 2, 0)     56   86,625
 1984    (7, -1, -1, -1, -4)       (11, 3, 3, 3, 0)     56   12,375
 1985       (3, 2, 2, 0, -7)       (10, 9, 9, 7, 0)     55   22,176
 1986      (4, 3, 0, -1, -6)       (10, 9, 6, 5, 0)     55  129,024
 1987     (4, 4, -1, -2, -5)        (9, 9, 4, 3, 0)     55   78,624
 1988      (5, 2, 1, -4, -4)        (9, 6, 5, 0, 0)     55   78,624
 1989      (6, 1, 0, -3, -4)       (10, 5, 4, 1, 0)     55  129,024
 1990     (7, 0, -2, -2, -3)       (10, 3, 1, 1, 0)     55   22,176
 1991      (3, 3, 2, -2, -6)        (9, 9, 8, 4, 0)     54   45,500
 1992      (4, 3, 1, -3, -5)        (9, 8, 6, 2, 0)     54  143,000
 1993       (5, 1, 0, 0, -6)       (11, 7, 6, 6, 0)     54   49,000
 1994     (5, 3, -1, -3, -4)        (9, 7, 3, 1, 0)     54  143,000
 1995      (6, 0, 0, -1, -5)       (11, 5, 5, 4, 0)     54   49,000
 1996     (6, 2, -2, -3, -3)        (9, 5, 1, 0, 0)     54   45,500
 1997       (3, 2, 1, 1, -7)       (10, 9, 8, 8, 0)     53   12,600
 1998      (5, 2, 0, -2, -5)       (10, 7, 5, 3, 0)     53  205,800
 1999    (7, -1, -1, -2, -3)       (10, 2, 2, 1, 0)     53   12,600
 2000      (4, 2, 1, -1, -6)       (10, 8, 7, 5, 0)     52  103,950
 2001      (4, 2, 2, -3, -5)        (9, 7, 7, 2, 0)     52   61,425
 2002      (4, 3, 1, -4, -4)        (8, 7, 5, 0, 0)     52   51,975
 2003     (4, 4, -1, -3, -4)        (8, 8, 3, 1, 0)     52   51,975
 2004     (5, 3, -2, -2, -4)        (9, 7, 2, 2, 0)     52   61,425
 2005     (6, 1, -1, -2, -4)       (10, 5, 3, 2, 0)     52  103,950
 2006      (5, 1, 1, -2, -5)       (10, 6, 6, 3, 0)     51   84,000
 2007     (5, 2, -1, -1, -5)       (10, 7, 4, 4, 0)     51   84,000
 2008       (2, 2, 2, 1, -7)        (9, 9, 9, 8, 0)     50    2,574
 2009      (3, 3, 1, -1, -6)        (9, 9, 7, 5, 0)     50   44,226
 2010      (3, 3, 2, -3, -5)        (8, 8, 7, 2, 0)     50   32,076
 2011       (4, 2, 0, 0, -6)       (10, 8, 6, 6, 0)     50   45,276
 2012      (4, 2, 2, -4, -4)        (8, 6, 6, 0, 0)     50   22,176
 2013      (4, 3, 0, -2, -5)        (9, 8, 5, 3, 0)     50  126,126
 2014     (4, 4, -2, -2, -4)        (8, 8, 2, 2, 0)     50   22,176
 2015      (5, 2, 0, -3, -4)        (9, 6, 4, 1, 0)     50  126,126
 2016     (5, 3, -2, -3, -3)        (8, 6, 1, 0, 0)     50   32,076
 2017      (6, 0, 0, -2, -4)       (10, 4, 4, 2, 0)     50   45,276
 2018     (6, 1, -1, -3, -3)        (9, 4, 2, 0, 0)     50   44,226
 2019    (7, -1, -2, -2, -2)        (9, 1, 0, 0, 0)     50    2,574
 2020      (3, 2, 2, -1, -6)        (9, 8, 8, 5, 0)     48   25,025
 2021       (3, 3, 0, 0, -6)        (9, 9, 6, 6, 0)     48   18,200
 2022      (3, 3, 2, -4, -4)        (7, 7, 6, 0, 0)     48   11,550
 2023       (4, 1, 1, 0, -6)       (10, 7, 7, 6, 0)     48   25,725
 2024     (4, 3, -1, -1, -5)        (9, 8, 4, 4, 0)     48   50,050
 2025     (4, 4, -2, -3, -3)        (7, 7, 1, 0, 0)     48   11,550
 2026      (5, 1, 0, -1, -5)       (10, 6, 5, 4, 0)     48   77,175
 2027      (5, 1, 1, -3, -4)        (9, 5, 5, 1, 0)     48   50,050
 2028     (6, 0, -1, -1, -4)       (10, 4, 3, 3, 0)     48   25,725
 2029      (6, 0, 0, -3, -3)        (9, 3, 3, 0, 0)     48   18,200
 2030     (6, 1, -2, -2, -3)        (9, 4, 1, 1, 0)     48   25,025
 2031      (4, 2, 1, -2, -5)        (9, 7, 6, 3, 0)     47   93,600
 2032      (4, 3, 0, -3, -4)        (8, 7, 4, 1, 0)     47   76,800
 2033     (5, 2, -1, -2, -4)        (9, 6, 3, 2, 0)     47   93,600
 2034       (3, 2, 1, 0, -6)        (9, 8, 7, 6, 0)     45   24,024
 2035      (3, 3, 1, -2, -5)        (8, 8, 6, 3, 0)     45   39,424
 2036       (5, 0, 0, 0, -5)       (10, 5, 5, 5, 0)     45   10,976
 2037     (5, 2, -1, -3, -3)        (8, 5, 2, 0, 0)     45   39,424
 2038     (6, 0, -1, -2, -3)        (9, 3, 2, 1, 0)     45   24,024
 2039      (4, 2, 0, -1, -5)        (9, 7, 5, 4, 0)     44   68,250
 2040      (4, 2, 1, -3, -4)        (8, 6, 5, 1, 0)     44   55,125
 2041     (4, 3, -1, -2, -4)        (8, 7, 3, 2, 0)     44   55,125
 2042      (5, 1, 0, -2, -4)        (9, 5, 4, 2, 0)     44   68,250
 2043      (3, 2, 2, -2, -5)        (8, 7, 7, 3, 0)     43   21,600
 2044     (5, 2, -2, -2, -3)        (8, 5, 1, 1, 0)     43   21,600
 2045       (2, 2, 2, 0, -6)        (8, 8, 8, 6, 0)     42    3,850
 2046       (3, 1, 1, 1, -6)        (9, 7, 7, 7, 0)     42    3,900
 2047      (3, 3, 0, -1, -5)        (8, 8, 5, 4, 0)     42   26,950
 2048      (3, 3, 1, -3, -4)        (7, 7, 5, 1, 0)     42   23,100
 2049      (4, 1, 1, -1, -5)        (9, 6, 6, 4, 0)     42   31,200
 2050     (4, 3, -1, -3, -3)        (7, 6, 2, 0, 0)     42   23,100
 2051     (5, 1, -1, -1, -4)        (9, 5, 3, 3, 0)     42   31,200
 2052      (5, 1, 0, -3, -3)        (8, 4, 3, 0, 0)     42   26,950
 2053    (6, -1, -1, -1, -3)        (9, 2, 2, 2, 0)     42    3,900
 2054     (6, 0, -2, -2, -2)        (8, 2, 0, 0, 0)     42    3,850
 2055       (2, 2, 1, 1, -6)        (8, 8, 7, 7, 0)     40    2,376
 2056      (3, 2, 2, -3, -4)        (7, 6, 6, 1, 0)     40   12,474
 2057       (4, 1, 0, 0, -5)        (9, 6, 5, 5, 0)     40   17,199
 2058      (4, 2, 0, -2, -4)        (8, 6, 4, 2, 0)     40   59,049
 2059     (4, 3, -2, -2, -3)        (7, 6, 1, 1, 0)     40   12,474
 2060      (5, 0, 0, -1, -4)        (9, 4, 4, 3, 0)     40   17,199
 2061    (6, -1, -1, -2, -2)        (8, 1, 1, 0, 0)     40    2,376
 2062      (3, 2, 1, -1, -5)        (8, 7, 6, 4, 0)     39   28,000
 2063     (5, 1, -1, -2, -3)        (8, 4, 2, 1, 0)     39   28,000
 2064      (3, 3, 0, -2, -4)        (7, 7, 4, 2, 0)     38   23,100
 2065      (4, 1, 1, -2, -4)        (8, 5, 5, 2, 0)     38   25,200
 2066     (4, 2, -1, -1, -4)        (8, 6, 3, 3, 0)     38   25,200
 2067      (4, 2, 0, -3, -3)        (7, 5, 3, 0, 0)     38   23,100
 2068       (3, 2, 0, 0, -5)        (8, 7, 5, 5, 0)     37   12,600
 2069      (5, 0, 0, -2, -3)        (8, 3, 3, 1, 0)     37   12,600
 2070      (2, 2, 2, -1, -5)        (7, 7, 7, 4, 0)     36    4,125
 2071     (3, 3, -1, -1, -4)        (7, 7, 3, 3, 0)     36    9,625
 2072      (3, 3, 0, -3, -3)        (6, 6, 3, 0, 0)     36    9,000
 2073      (4, 1, 1, -3, -3)        (7, 4, 4, 0, 0)     36    9,625
 2074     (5, 1, -2, -2, -2)        (7, 3, 0, 0, 0)     36    4,125
 2075       (3, 1, 1, 0, -5)        (8, 6, 6, 5, 0)     35    7,776
 2076      (3, 2, 1, -2, -4)        (7, 6, 5, 2, 0)     35   22,176
 2077      (4, 1, 0, -1, -4)        (8, 5, 4, 3, 0)     35   24,576
 2078     (4, 2, -1, -2, -3)        (7, 5, 2, 1, 0)     35   22,176
 2079     (5, 0, -1, -1, -3)        (8, 3, 2, 2, 0)     35    7,776
 2080       (2, 2, 1, 0, -5)        (7, 7, 6, 5, 0)     33    4,400
 2081      (3, 2, 1, -3, -3)        (6, 5, 4, 0, 0)     33    8,400
 2082     (3, 3, -1, -2, -3)        (6, 6, 2, 1, 0)     33    8,400
 2083     (5, 0, -1, -2, -2)        (7, 2, 1, 0, 0)     33    4,400
 2084      (2, 2, 2, -2, -4)        (6, 6, 6, 2, 0)     32    3,150
 2085      (3, 2, 0, -1, -4)        (7, 6, 4, 3, 0)     32   17,325
 2086       (4, 0, 0, 0, -4)        (8, 4, 4, 4, 0)     32    3,675
 2087      (4, 1, 0, -2, -3)        (7, 4, 3, 1, 0)     32   17,325
 2088     (4, 2, -2, -2, -2)        (6, 4, 0, 0, 0)     32    3,150
 2089       (2, 1, 1, 1, -5)        (7, 6, 6, 6, 0)     30      924
 2090      (2, 2, 2, -3, -3)        (5, 5, 5, 0, 0)     30    1,176
 2091      (3, 1, 1, -1, -4)        (7, 5, 5, 3, 0)     30    8,624
 2092     (3, 3, -2, -2, -2)        (5, 5, 0, 0, 0)     30    1,176
 2093     (4, 1, -1, -1, -3)        (7, 4, 2, 2, 0)     30    8,624
 2094    (5, -1, -1, -1, -2)        (7, 1, 1, 1, 0)     30      924
 2095      (3, 2, 0, -2, -3)        (6, 5, 3, 1, 0)     29   12,000
 2096      (2, 2, 1, -1, -4)        (6, 6, 5, 3, 0)     28    4,725
 2097       (3, 1, 0, 0, -4)        (7, 5, 4, 4, 0)     28    4,950
 2098      (4, 0, 0, -1, -3)        (7, 3, 3, 2, 0)     28    4,950
 2099     (4, 1, -1, -2, -2)        (6, 3, 1, 0, 0)     28    4,725
 2100      (3, 1, 1, -2, -3)        (6, 4, 4, 1, 0)     27    5,600
 2101     (3, 2, -1, -1, -3)        (6, 5, 2, 2, 0)     27    5,600
 2102       (2, 2, 0, 0, -4)        (6, 6, 4, 4, 0)     26    2,250
 2103      (4, 0, 0, -2, -2)        (6, 2, 2, 0, 0)     26    2,250
 2104      (2, 2, 1, -2, -3)        (5, 5, 4, 1, 0)     25    3,024
 2105     (3, 2, -1, -2, -2)        (5, 4, 1, 0, 0)     25    3,024
 2106       (2, 1, 1, 0, -4)        (6, 5, 5, 4, 0)     24    1,750
 2107      (3, 1, 0, -1, -3)        (6, 4, 3, 2, 0)     24    6,125
 2108     (4, 0, -1, -1, -2)        (6, 2, 1, 1, 0)     24    1,750
 2109      (2, 2, 0, -1, -3)        (5, 5, 3, 2, 0)     22    2,700
 2110      (3, 1, 0, -2, -2)        (5, 3, 2, 0, 0)     22    2,700
 2111       (3, 0, 0, 0, -3)        (6, 3, 3, 3, 0)     21    1,000
 2112       (1, 1, 1, 1, -4)        (5, 5, 5, 5, 0)     20      126
 2113      (2, 1, 1, -1, -3)        (5, 4, 4, 2, 0)     20    1,701
 2114      (2, 2, 0, -2, -2)        (4, 4, 2, 0, 0)     20    1,176
 2115     (3, 1, -1, -1, -2)        (5, 3, 1, 1, 0)     20    1,701
 2116    (4, -1, -1, -1, -1)        (5, 0, 0, 0, 0)     20      126
 2117       (2, 1, 0, 0, -3)        (5, 4, 3, 3, 0)     18    1,050
 2118      (2, 1, 1, -2, -2)        (4, 3, 3, 0, 0)     18      700
 2119     (2, 2, -1, -1, -2)        (4, 4, 1, 1, 0)     18      700
 2120      (3, 0, 0, -1, -2)        (5, 2, 2, 1, 0)     18    1,050
 2121       (1, 1, 1, 0, -3)        (4, 4, 4, 3, 0)     15      224
 2122      (2, 1, 0, -1, -2)        (4, 3, 2, 1, 0)     15    1,024
 2123     (3, 0, -1, -1, -1)        (4, 1, 0, 0, 0)     15      224
 2124      (1, 1, 1, -1, -2)        (3, 3, 3, 1, 0)     12      175
 2125       (2, 0, 0, 0, -2)        (4, 2, 2, 2, 0)     12      200
 2126     (2, 1, -1, -1, -1)        (3, 2, 0, 0, 0)     12      175
 2127       (1, 1, 0, 0, -2)        (3, 3, 2, 2, 0)     10      126
 2128      (2, 0, 0, -1, -1)        (3, 1, 1, 0, 0)     10      126
 2129      (1, 1, 0, -1, -1)        (2, 2, 1, 0, 0)      8       75
 2130       (1, 0, 0, 0, -1)        (2, 1, 1, 1, 0)      5       24
 2131        (0, 0, 0, 0, 0)        (0, 0, 0, 0, 0)      0        1
